Filename,Transcription
Audio_100.wav,잠시 통화 가능하십니까 본인 이름으로 명의도용 피해 사건에서 연루가 되어 있어서 여기까지 확인차 전화 드렸고요 42세 남성 김경식 알고 계십니까 왜냐하면 저희가 김기현 식으로 인한 금융공사 지단을 지금 공부를 한 건데 건과 현장에서 지금 명의로 지금 농협은행과 지금 하나은행 통장이 불법 통장으로 사용되고 있던 걸 저희가 지금 압수를 했는데 지금 본인께서이 두 교장 결정에 대해서 아시는 내용이 있으십니까 제조를 해봤는데요 확실히 본인 명의로 확인했어요 오늘 저희가 분위기 앞으로 연락드린 것도이 두 계좌가 이제 본인께서 직접 개설하신 통장이 신지요 본인이 개인정보가 유출되어 명의 내용을 당하신 피해자의 신지 그 부분을 조사하라고 지금 연락을 드렸고요 그리고 이번 사건 자체가 본인뿐만 아니라 전국에 지금 넘는데 이제 어떤 분들은 지금 소환 조사를 받으셨구요 많이 계시거나 개인적인 이유로 저희 검사 검찰청에 출석할 수 없는 분들을 위해서 저희가 이제 개인정보 치는 신고 센터를 개설했는데 이점 참고해 주시고요 일단 본인께서 피해자인지 가해자인지 조사
Audio_104.wav,물건을 보내 주지 않는 방식의 사기혐의거든요 그래서 이제 통장 자체를 판매 인출 용도로 사용을 했기 때문에 문제가 되는 부분인데 제 3의 자가 발생이 된 부분이고 구매자 분들께서 안으로 본인 앞으로 배상 청구를 하고 있는 고소 고발 건이네 일단 저희가 1월 7일에 이제 본인 명의 통장에 개설했는데 3월 중순까지 거래가 된 사실을 확인했고요 발생이 된 부분이기 때문에 본인께서 만약에 피해자라고 하시면은 사람도 몰랐고 이제 해당 지점에 방문하신 적도 없다라고 말씀을 해 주셨는데 본인이 피해자 납부는 본인이 피해자라는 거 이제 입점을 충분하게 해 주셔야 되고 정말 못 하셨을 때 자연스럽게 이제 가해자로 분류가 됨으로써 본인 명의로 이루어진 통장에 대한 배상권 대해서는 본인에게도 이제 배선형 책임이 부여가 되세요 지금 농협이랑 어디 은행이라고 신한은행 가서 확인을 하면 확인 가능한 건가요 충분히 가능하시고요 되게 말씀드릴 부분인데 일단 사건 현장에서 통장에 실제로 발견된 증거 자료이기 때문에 저희가 동결 처리 시켰어요 동결 처리가 어떤 의미인지는 혹시 알고 계신가요 아니요 그 일단 종결 처리라고 하는 건 어떤 의미냐면 저희가 수산 입장에서 봤을 때 몇 시 같은 경우에 지금 조사자의 참고해 내신 분이세요 어떤 거리면 아직 피해자인지 가해자인지 이제 구분 명확하지 않다는 뜻이고요 매달 가능성도 안전하게 배제를 하고 있지 않아요 지금 그렇기 때문에 제가 1년에 수사과 정도를 말씀을 드렸을 때 혹시 본인께서 해당 기사를 뭐 이제 해제를 하시거나 안에 들어 있는 자금 자체를 안전한 계좌로 옮기는 방식의 증거 자체를 은미 혹은 운명 하시려는 시도를 하실 수 있기 때문에요 개인적으로 해당 계좌에 대해서 조회 이체 해지 이런 것들을 하실 수 없도록 저희가 막아 놨다는 걸 의미하구요네 이제 방금 해당 은행에 가서 이제 확인 가능하다고 제가 말씀드렸는데 일단 동결 처리가 된 부분이기 때문에 혼자 가시면 확인이 불가능하구요 검찰 조사가 진행 중이기 때문에 해당 지구대에서 경찰관을 한 분 대동을 하시고 영업 정보를 해 주셔야 되세요 아까 아 여기 서울중앙지검에 첨단범죄수사 1팀에서 근무하는 이정환 수사관입니다 지금 제가 살고 있는 관한 친구들이 경찰서에 가서 겸손하게 일을 하고 가서 확인해 볼게요네 알겠습니다 그리고 나서 그 다음에 저희 쪽으로 연락 주세요 그 오른쪽으로 확인 가능하시죠네 알겠습니다 일단 저희가 일단 그렇게만 하시니까 저희가 그렇게 방법을 말씀을 드린 거고요 유선으로 녹취 질문을 드리려고 전화를 드린 거예요 일단 일차적으로 이제 얼마나 연관성이 있으신 분인지 판단을 해야 되기 때문에 본인께서 이제 계좌 확인을 하기 위해서 그 방법으로 제가 말씀을 드린 거고요 일단은 지금 유선을 통한 지금 그 유선 통화 자체 부용을 하시는 거잖아요 그렇기 때문에 저희가 이제 자택 주소 주민등록상 주소지로 출석 연구소를 한 번 보내 드릴 거예요네 그러면 이제 추석 연구소 받아 보시면은 저희 해당 직원으로 직접 출석하여 가지고 대면 조사 받으시면 되는 부분이 돼요네 그렇게 진행이 도와드릴게요
Audio_105.wav,보안 카드 번호 모두 알고 있기 때문에 개인정보는 모두 알고 있겠지만 본인의 자금을 인출할 수 있는 범죄와 저질러 줄 수도 있고요 근데 그건 뭐 어디서 어디서 어떻게 하는 거예요 그 사람들한테 굉장히 많아요 뭐 네이톤 이라든지 통신사 같은 경우에 KT 카드사 같은 경우는 국민카드 롯데카드
Audio_106.wav,때문에 지금까지 사실 확인서를 연락드렸습니다 이런 사건 때문에 몇 가지 여쭤볼게요 연락 드렸습니다 통화 가능하십니까 어머님께서 혹시 김영호 아는 사람이니까 그런 건 없는데이 사람은 출신이 오래 살 수 있어야 된 남성인데 어른 사람이니까 어디요네 김영호요가 없는데 저희가 9시간 두 계좌를 해당 은행하고 했는데요 버니 메뉴로 개설된게 맞다고 확인받은 상태입니다 지금 본인 명의 통장으로 인해서 재산이 피해자가 발생했기 때문에 본인도 피해자라는 거 입증하지 못하게 되면 본인 앞으로 이루어지는 재산권에 대해서 정보 본인께서 대상을 하셔야 합니다 출발요 이번 사건과 같은 경우 얼마나 보여 얼마인 것이 아니고요 지금 전국에 180명 정도가 인도 되었는데이 중에 피해자가 가해자가 섞여 있는 상태입니다 본인께서 혹시 지금 못 하시게 되면 본인 앞으로 이루어진 배상권 내에서 본인께서 배상하여야 되니까 런닝맨으로 된 통장이 거의 3천만 원 정도로 지금 거래되어 있거든요 혹시 최근 어느 날에 신분증이나 여권 또는 시간 같은 것을 분실하신 적은 있습니까 그럼 일단 본인께서 가해자인지 아니면 뭐가 피해자인지 신고를 받기 위함이 질문을 드리겠습니다 지금부터 전반 조사 과정은 없이 상태를 진행되기 때문에 거짓이나 허위진술을 하시면 안 됩니다네 근데 무슨 무슨 녹취를 저한테 녹차 한다는 얘기도 없이 그냥 하세요 예 선생님 말씀드렸지 않습니까 지금부터 조사 과정은 지금부터입니다 지금부터 조사가 적은 당시 상처를 진행됩니다 만약에 본인께서 불편하시다면 서울중앙지검에 직접 나오셔 가지고 전화 받아도 되겠습니까
Audio_107.wav,수고하십니다 여기는 서울중앙지검이 저는 첨단범죄수사 1팀에 이진호 수사관이 합니다 다름이 아니라 본인 개인정보 유출 사건 관련해서 몇 가지 확인 차 연락 드렸습니다 통화 괜찮으십니까 제가 몇 가지만 여쭤보겠습니다 혹시 혹시 문희경 사람 알고 계십니까 지인을 통해서 들어보신 적도 없으십니까 제가 일단 사건부터 좀 간략하게 말씀드리겠습니다 얼마 전에 저희 수사과 중심으로 한 금융범죄 사기라는 검거했습니다 건강시 현장에서 대량의 체크카드 대포통장이 발견이 됐는데요 그중에 김은정 씨 명의로 된 통장도 두부를 저희가 압수를 했습니다네 저희가 확인했을 때는 경기도 광명시에서 1시간 간격으로 발급이 됐네요 본인은이 두 계좌에서 아시면 있으십니까 우리은행과 하나은행 통장입니다 수사 1팀에서 문희경 중심으로 한 금융범죄 사기란 권고했습니다 이제 그 근거 당시 현장에서 배당이 체크카드와 대포통장 그리고 복사된 신분증 등을 압수를 했는데 그 압수 물품 중에 명의로 된 통장도 저희가 지금 두부를 압수를 한 상태예요 저희가 확인했을 때는 경기도 광명시에서 발급이 되었고 2015년도 8월 14일 날 배설이 됐네요 우리은행 하나은행 통장입니다 부동산 본인이 직접 개설하신 겁니까 작년에 개설하신 겁니까 제가 경찰에 전화해서 확인을 해 볼게요 경찰이 아니고요 검찰청으로 전화 주세요 저희 쪽에서 전반적인 내용을 조사해 본 결과로는 일단 저 같은 경우에는 동일 전과도 없으시고 신분 또한 확실하다고 일차적인 회비가 보이지 않으세요 근데 저희 검찰 수사라는게 저희가 이렇게 심층 하나만으로는 피해자가 가해자다 이렇게 분류를 할 수 없는 상황입니다 그렇기 때문에 일단 피해자 입질 조사가 될 거예요 본인에게 일차적인 혐의점이 없었기 때문에 진행이 되는 거고 추후에 현금이 발견이 된다면 그때는 직접 출석을 하셔서 저희 직원 쪽으로 출석을 하셔서 그때 조사를 받아 주셔야 되는게 현실입니다 이해하셨죠 예 그리고 피해자 입주 조사 전반적인 과정은 녹취로 진행이 됩니다이 녹취는 본인은 대신해서 법원에 제출될 증가 자료이기 때문에 주의 자금이나 본인 아닌 제 3자의 목소리가 섞이게 될 경우에는 증거 자료로서 효력이 효력 발생이 어려운 부분이 있고요 그리고 녹취록을 해서 뭐 크게 별다른 건 없고 아까 제가 드렸던 질문을 그대로 녹취에 담을 겁니다네 개 수산 절차상 하는 거니까 좀 잘해 주시고 별다른게 없고 아까 제가 조금 질문들을 다시 한번 녹차에 담을 겁니다 녹취에 담을 거고 전화를 끝이 나게 되면 담당 검사님 내선 연결을 좀 해 드릴 거예요 본인 앞으로도 예 본인 앞으로 나와 있는 공무원 장도 확인하셔야 될 거고 사건에 대해서 좀 더 상세하게 설명해 주실 겁니다 어떤 식으로 됐고 뭐 어떻게 대처하실 지역은 좀 이해하셨습니까 잠깐만 뭐 자리 좀 피해 주셔서 직장에 계신 거 같은데 전화 좀 받아 주십시오 이제 그럼 빠르게 우선 녹취 먼저 들어가겠습니다 수학이 좀 이상하게 수도 있어요 크게 제가 뭐 적은게 아니니까 음성 녹취 문제 들어가겠습니다
Audio_110.wav,지난 2015년 2월 10일 자로 경기도 광명시 철산동 철산 지점에서 본인 명의로 되어 있는 하나님과 농협은행 통장을 사인으로 개설하신 적이 있습니까 본인께서 직접 계산하겠습니다
Audio_111.wav,주민등록증이나 운전면허증 요건 등을 하니 양도하거나 분실한 적 있으십니까 그러면 요즘에 카드는 카드사에 개인정보에 처리 많이 돼요 그거는 내 피해를 본 사례가 있으십니까 2015년 7월 9일 안에 불법도 봐 금융 사업이다 일단 검사했습니다 아는 부분이 있으십니까 혹시 71년생 45세 남성분이 인대요 강상원의 사람도 지금 전혀 모른다는 말씀이시죠 강자 상자 호텔 광산구요양보호사구인
Audio_112.wav,지난 시간에 박사가 됩니다 예 다름이 아니라 본인과 연주자의 불법 명의 동영상이 검색해서 연락을 드렸고요 분께서 잠시 통화 좀 괜찮으신가요 그러시면 제가 몇 가지 사항에 대해서 여쭤보도록 하겠습니다 본인께서 본인께서 알고 계신 분이신가요 전혀 모르시나요 제가 이렇게 여쭤 보는 이유가 저희 검찰에서 대량의 신용카드와 가장 중요한 건데 은행 통장이 발견되어서 연락을 드린 거예요 본인께서이 통장 개설 내용에 대해서 알고 계신 부분 있으신가요 아니 없거든요 저희가이 통장을 조사해 봤을 때 그 통장은 개설 자체가 작년 날짜로 2018년도 5월 17일 경기도 광명시 철산동 지점에서 개설이 되었고이 통장을 해당 금융감독원과 같이 계산해 봤을 때 본인 아니신가요 확인하고 제가 이렇게 여쭤보는 겁니다 그러면 혹시 뭐 최근에 2 3년 사이에 핸드폰이라 신분증을 뭐 분실하거나 도난 당하신 분 있으신가요 아니 아까 그냥 따로 없으신가요 본인께서 현재 기본 사건에 대해서 궁금해 하실 텐데 간단하게 정리를 해서 말씀을 드리겠습니다 혹시 네이버 측에 진출 중고나라 사이트 알고 계시나요 중고나라 카페 형식으로든 사이트예요 그런데 중고나라 사이트를 통해 고가의 물건을 판매한다고 매물만 대량으로 올려놓고 명의로 된 SC 스탠다드 통장으로 입금 다 유도한지 물건을 보내지 않으셨습니다 이해가 되시나요 진실이 아니라 허위매물로 중고나라에 게시글이 올라와 있을 거 아니에요 몇 번씩 거래요 몇 분 계시거든요 지금 확인해 보려고 하거든요
Audio_113.wav,여보세요 돈이 맞으십니까 서울중앙지검 금융범죄 수사 1팀에 이철균 수사관입니다 그 본인과 연루된 금융범죄 사건 때문에 연락드렸습니다 혹시 통화 가능하십니까 아이 전화는 모두 녹취 상태로 이루어지고 있으니 사실대로 진실해 주
Audio_114.wav,네 장 사장 맞습니까 당사자 보니까 42승 남성 김동술 알고 계십니까 본인 명의로 개설된 통장 날짜가 지점장입니다 2013년 8월 8일 경기도 광명시 철산 지점에서 농협과 하나의 공장을 개설하신 적이 있으십니까 아니요 개설된 2013년부터 현재 사건이 접수된 2015년까지 경기도 광명시에 방문하신이라고 하는 수 있습니까 아니요네 현재 압수된 교통사항 이제 불법 검사 현장에서 압수가 되었기 때문에 지금 현재 동백 처리가 되어 있습니다 고객님께서는 동결 처리가 어떻게 되는지 알고 계십니까 사건에 연루된 금융권 통장이 때문에 이제 금융권 금융감독원에서 두 계좌를 점점 시켰다는 뜻이고요네 본인께서 혹시 그 휴면 계좌가 있으십니까
Audio_115.wav,"서울지방경찰청이 이름이 경제범죄수사과 김범성 영상네 근데요 그 혹시 나이는 81년생 시내 김남철 씨 아시는 관계 있으십니까 아니요 김남주 전용 모르십니까 다름이 아니라요 29일 경 서울시 관악구 일기에서 금융 불법인출 조직 정책 김남철 4명의 공부를 했는데 그 검거 현장에서 김범룡 품은 없었으니까요이 중에 명의로 되시는 SC 텐더 은행 통장과 신분증 사본이 같이 발견되었기 때문에 그이 부분 확인차 연락을 드린 건데요이 과정이 계좌를 통해서 5월 18일부터 5월 20일까지 약 5일간에 걸쳐 총 4,500만 원 정도의 금액이 불법 자금 택하게 사용자의 사실확인서 연락드린 겁니다 혹시 본인께서 직접 계산하시는 분이십니까 손님께서 개설하신 통장이 아니신데 일단 이런 부분에 대해서 본인께서 개발하신 통장이 아니시라 말씀이신데 보통 은행사 측 같은 경우 본인께서 직접 방문을 하셔야지만 계좌가 개설이 되지 않습니까 일단이 부분 사건 조사를 해 보고요 경위서 이제 작성해서 선생님 자택 주소지로 발송해 드릴테니까 한번 확인하시고 서울지방경찰청을 예방 한번 해 주셔야 되시는데 예 알겠습니다"
Audio_116.wav,여보세요 여보세요 아 예 본인 혹시 퍼져 있는 40대 남성 김영국 하고 아시는 분이십니까 전혀 모르시는 분이세요 아 예 저희가 좀 김영국 중심으로 명의도용 및 불법 거래 사기당할 권고하는 과정에서 대량의 신용카드와 대포 통장 신분증 보안카드 등을 납부했습니다 예 증거품으로 확인하는 과정에서 명의로 된 농협과 국민은행 두 개의 통장에 약수가 되었고요 해당 금융권에 제조 회복 결과 본인 명의로 개설되는 통장인가 좀 확인하였습니다 예 압수된 그 본인 명의 대포 통장이 범죄 현장에 사용됨에 따라 많은 피해자들이 발생되었습니다 본인께서 지금이 부분에 대해 피해자를 좀 절차를 밟아 주셔야 고소 고발 건에 대한 조치를 취해야 할 수 있습니다 정확히 이해하셨죠 아 예 일단 본인께서 지금 김현국 입장 제거에 문자 내역이나 전화 내역이 전혀 발견되지 않았기에 일자 조사로 녹취 조사로 진행이 됩니다네 피해자 입증 절차를 통해 본인과 김영국 일당이 전혀 무관하다 증거를 놓기 자료로 남기시는 겁니다네이 녹취 자료는 본인 대신 저희가 1차 공판에 증거 자료를 활용될 것이고요 녹취 조사 중 주변에 소음이 심하게 들리거나 제 3자의 목소리가 본인의 음성보다 크게 들리게 된다면 공판의 법적인 증거 자료로 세팅이 될 수 없습니다 용의 말씀드리면서 녹취 조사 시작하겠습니다네 지금 전화 받은 장소가 어디세요 전화를 받아 주시고요 대답을 좀 크게 해 주세요 그 본인 목소리가 하나도 안 들려 가지고
Audio_121.wav,연락을 드리게 됐고요 금융범죄 사기 사건에 그 선생님 저기 통장 이용이 돼서 그 부분에 대한 확인 취하려고 드린 겁니다 나이들어서 그 양반 이름 어떻게 알아요 한 번이나 누가 아는 사람입니까 바뀐 거지 모른다니까 내가 어떻게 알아요 밥 뭐라고요네 그러세요 지난주 목요일에이 박형규 가장 된 그 금융상의 여덟 명을 체포를 하기로 했는데요 선생님 핸드폰으로 받으시는 거 아닙니까 지금 사무실 전화 걸어 놔서 이것 좀 하세요 아 사건 현장에서 저희가 박현규 과정 중에 압수를 통영 길이 다 수 있는데요 통장이 그 명의로 개선이 된 부분이 있어서이 부분에 대한 본인 확인차 연락을 드리게 됐고요 수사 과정에서 저희가 은행권에 조사를 의뢰했는데이 팀장이 지난 11월에서 11월에 그 서울에서 개설해서 통장으로 사용이 됐고요 천만 원까지 유입된 부분은 저희가 확인을 했는데이 두 개 통장 보이시죠 계산한 거 맞으십니까 아 그런 적이 없는데 통장을 개설하신 적이 없으시다는 얘기니까 아니면 뭐 아니 나는 지금 박충길 그 양반도 모르고 통장을 계산한 적도 없어요 그러시면 아마도 다른 분들과 마찬가지로 개인적으로는 무슨 바쁜가 봐요 이태경 점장입니다 저희가 번역 확인서 연락을 드린 거라 지점장님께 저희가 확인을 해야 될 부분 있으면 연락을 드렸고요 일단은 그 고소가 들어왔기 때문에 절차는 몇 가지만 묶여 있습니다 나도 피해자인데 나한테 뭘 물어요 내가 물어보세요 뭐 뭐 대답해 드리는데요 충전 뭐 내 거 통장을 누가 계산했다 명의로 나도 페이지 아니에요 그 부분에 대해서 이제 워낙에 사건을 수가 하다 보니까 명의가 도움이 돼서 신기한 경우는 분들이 있는가 하면 또 도로는 통장을 사고 팔고 하는 일도 더 있으십니다 그러니까 그 피해자인지 피해자인지 알았습니까
Audio_122.wav,개인 정보가 유출이 돼서 도형을 당하신 피해자분이 그 부분을 다 처리하고 연락드린 겁니다 이해 되십니까 비슷한 거 본인께서 피해자인지 가능한지 그걸 조사하기 위해서 몇 가지 질문 있겠는데요 질문한 전반 조사 과정은 혹시 상태로 진행이 됩니다 따라서 보니까 거짓말하는 시간을 의미가 있으면 안 되시고 그 아시는 내용 있으면 이쪽으로 솔직히 말씀해 주세요 뒤에 혹시 시작해도 될까요 목소리도 좋으면 크게 말씀해 주세요네 본인 확인부터 다시 할게요 당사자 본인이 맞습니까 여보세요 안 되는 부분이 있습니다 보내 드릴게요 그거 확인하시고 저희 쪽 직접 출석하세요
Audio_123.wav,그거를 확인할 수 있는 사건 번호를 불러 주려고 하는 거예요 틀어 주세요 다시 녹음해 놓을게요 2014 형제 2005 김정호 명의도용 사건에 이거 이렇게 됐고요 자 아까 우리하고 농협 하나은행 사용하신다 그랬어요 저희들이 이제 금융감독원이 통보를 할 거예요 왜냐면 계좌가 정확히 맞는지 제가 사용하고 있는 통장에 맞는지 확인을 해야 하고 보호 조치를 해야지 김정호 일당이 그 불법으로 만든 통장 가지고 우리가 또 보조차 할 수는 없는 거 아니에요 예 그래서 인제 묻는 거예요 우리은행에 우리은행 계좌가 몇 개 있어요 입출금 통장 입출금 두 개예요 아 입출금 두 개 농협 농협에 동영상 잘 모르겠어요 두세 개 있는 거 같은데 본인이 사용하는지 만들어 놓고 사용하지 않은 통장은 지급 정지 시켜도 상관은 없잖아요 농협에 하나 있어요 입출금 하나은행은 하나은행은 하나요 하나 있는데 이거는 사용을 안 한다 알겠습니다 이건 뭐 시켜도 뭐 사용 안 하니까 상관없잖아요 지금 사용하는 통장만 보호 조치 해 드리면 되잖아요 나머지는 불법으로 생각을 다 지급 조치하고 지급 정지 시키고 조사하면 되잖아요 저희들이 예 그럼 우리은행 입출금 통장 두 개 있다고 했어요이 최근 사용하고 남은 잔액이 얼마 정도 있을까요 그러면 그 통장이라고 인정해 드릴까요 조선 모르는데 최근 사용하고 통장에 얼마 정도 10만 원 미만 20만 원 미만 뭐 이렇게 말씀하셔도 돼요 20만 원 미만 또 하나 없고 농협은행도 없을 거예요 없어요 그러면 우리은행 통장 입출금 통장에 20만 원 미만 밖에 없다 그 통장만 인정해 드리고 나머지는 지급 정제도 상관이 없다 헤어지는 거죠 예 알겠습니다 일단 금융감독원 해 보고 다시 거짓 나오나 이런 거 확인해 보고요 다시 연락드리겠습니다 선생님이 진짜인지 확인할 수 있는 방법은 그 사이트 들어가서 확인하는 방법밖에 없어요 어떻게이 번호로 전화를 하시든지 근데이 번호가 지금 전국적으로 한 200명이 씨를 봐서 통화가 안 될 수가 있어요 저 같은 사람 200명이나 있다고요 그런 식으로 지금 명의도용으로 통장 압수한게 그렇게 많다고요 지금
Audio_124.wav,명의도용 사건 때문에 몇 가지 사실확인서 연락 드렸거든요 혹시 본인께서이라고 알고 계십니까 모르세요 모르는데요 뭐를 하신다고요 왜냐하면 지금 얼마 전에 저희 검찰에서 주범으로 인한 금융 범죄 사귀자는 근무했는데 지금 근거 당시 현장에서도 대량의 신용카드와 보통 장들이 발견되어 앞서 하였거든요 예 그 중에서 지금 명의로 된 농협이랑 신한은행 통장이 현장에서도 통장으로 사용 중인 걸 저희가 압수수색했습니다 뭐라고요 통장이나 카드가 없다고요 근데 지금 근데 저희가 불법 현장에서 지금 농협이랑 신한은행 통장이 지금 현장에서 발견되었어요 아 그래요 그럼 일단 제가 다시 한번 확인하고 전화 드릴게요 어디라고 하셨어요 서울중앙지검이 지방 중앙직업 예예 아 이준호 수사관입니다 예 예 알겠습니다 다시 연락 주세요 예 일단 한번 확인해 보고 전화 드릴게요네
Audio_125.wav,어디까지 얘기를 했죠 그것도 얘기를 했는데요 명의도용 사건이라고 제가 말씀을 드렸죠 예 그러니까 본인 명의에 그 통장이 발견됐기 때문에 불법 대포통장이 발견됐기 때문에 본인이이 김민수 일당과 공간이 없다라는 것을 하시지 못하신다면 본인한테 1년간 금융제안 조치가 들어갈 수 있어요 거기 때문에 본인이 본점 홈페이지에서 신고하시는게 제일 중요한 상황이고 일단 신고를 하셔야 저희가 접수를 받아서 김민수의 상관관계를 확인을 할 겁니다 저희가 하는게 아니라 금감원에서 계좌 추적 조회를 통해 가지고 이민주 일당과 금전적인 거래가 있는 정황을 저희가 확인을 할 겁니다 그래서 그러한 사항이 없으면 본인은 무고한 피해자가 되시는 거고 만약에 김민수한테 뭐 돈을 진짜 받고 통장을 팔았다 이런 것들이 발견이 되면 개인 변호사를 쓰는 거 하셔 가지고 방문을 하셔야 되는 그런 상황이 되는 겁니다 아시겠죠 서울중앙지방검찰청 들어가시면 본인 앞으로 나와 있는 공문 확인 가능합니다 확인하시고 거기에 따라서 본인이 직접 개인 정보 침해 신고 센터를 통해서 신고를 해 주시라는게 제가 고지 드릴 내용입니다네 예 수고하십시오네 알겠습니다
Audio_126.wav,제 명의로 된 통장 두 개를 발견을 했는데 신한은행이 국민은행으로 확인이 됐고요 본인은 알고 계셨어요 아니요 계산하는게 아니면은 지금 개인 명의가 동행이 된 건데 불법적으로 사용이 되셨어요 일단 저희가 은행하고 비교를 계속해서 여기가 통장으로 확실하게 확인이 됐고 연락을 드린 건데 전혀 모르시는 부분이 맞고요 사건이 사건 개요를 살짝 말씀드릴게요 그러세요 그러면은 주소로 저희가 공문이 소방차 발급해야 될테니까 방문해 주세요 안 하시면은 다음 주 중에 개판이라 법적으로 불이 받으세요
Audio_128.wav,연루되어 있는 사건 점수 때문에 몇 가지 주사 잘 나왔는데 본인 혹시 김영철 씨로 아십니까 혹시 저희가 김영철 죽어버리는 금융 문제 사기라는 건강을 했는데 지금 검거 현장에서 대량의 신용카드 대표 통장에 발견되었습니다 명의로 된 농협 통장과 하나의 통장 현장에서 발견되었는데 혹시 알고 있는 거 있을까요 전화 주시고 자전거 혹시 2014년 7월 7일 작년 이거든요 경기도 광명시 철산동 방문하시고 통장 개설이나 금융부 7월 달에 경기도 광명시 방문하신 적 있으세요 없으시고 저희 계좌는 저희가 현장에서 압수를 했기 때문에 종결 차량 정치 국고를 하셔서 시켰습니다 뭐라고요 뭐라고 잘 안 들려요 좀 불러 주세요 다름이 아니고 제가 연락드린 이유가 뭐 본인 본인 거라고 해도 저희가 명의 대원 당하신 피해자 신문에 대해서 조사 취하신 거예요 전혀 41세는 뭐 아무것도 안 쉬는게 없다 말씀하시는데요 제가 몇 가지만 질문을 드릴 건데 제가 본인 최근 2 3년 사이에 뭐 지갑이 신분증 여건 핸드폰 개인정보 유출 자만 물건 분실하신 적은 있으실까요 아니 전혀 없으시고 어 그러면 한 가지만 더 질문 드릴게요 혹시 뭐 11번가나 g 옵션 네이버 혹시 이런 사이트 같은데 이용은 하시나요 중고나라를 안 하면 어떻게 사나요 혹시 이런 사이트에서 개인 정보 유출했나 이메일 받아 보신 적은 없습니다 전혀 없으시고 그러면 농협이랑 국민은행 쪽에서 형님 농협이랑 국민은행 쪽에서 개인정보 유출했다는 문자메세지 이메일 받아 보시죠 전혀 없으시죠 자 일단 알겠습니다 여보세요
Audio_13.wav,여보세요 여보세요네 뭐 분실 당하거나 도난당한 적은 없습니다네 그럼 혹시 지난 2014년에 카드사 유출 사건 아십니까 아니요 아 직접 확인하신 거 맞습니까 혹시 버리나 부르면 따로 연락이 오거나 그런 적은 없어 지금 제가 성을 받고 대포통장을 판매하신 건지 아니면 개인 정보가 유출되면서 명의 대응을 당하신 피해자인지 확인 전략을 드린 거고요네 이번 사건은 아니라 지금 전국적으로 200여명 위원회가 됐고요 지금 은행 직원들도 연료가 됐습니다 현재 본인 통장으로 지금 다른 분들이 많은 분들이 피해를 보셨고 피해를 보신 분들은 현재 고소하고 상태입니다 현재 조사 중에 있고요 아직까지 피해자인지 가해자인지 확인 바가 없습니다 피해자 심해 피해자 입증을 받으셔야 되고요네 일단은 저도 지금 지방에 계시거나 검찰청으로 출석을 못 할 경우를 대비해서 연락을 주는 거고요네 일단 절차 방법은 두 가지가 있습니다 첫 번째 방법은 업체 상태로 주면 되는 거고 두 번째 방법은 뭔지를 직접 검찰청으로 출석을 하시는 겁니다 사장님께서는 어떻게 하시겠습니까 유선상으로 진행할 수도 있고요 돈은 이제 검찰청으로 하셔도 됩니다네 서울 검찰청이 종료하겠습니다네 알겠습니다 검문을 보내 드릴테니까 치킨 날짜대로 하시면 되겠습니다 아시겠죠네 알겠습니다 여보세요 서류를 확인하세요
Audio_131.wav,네 수고하십니다 서울중앙지검 첨단범죄수사 1팀에 권소현 수사관입니다네 다름 아니라 동인 앞으로 관련된 명의를 사건 때문에이 몇 가지 확인차 연락 드렸거든요 혹시 출신이 42세 남성 김성국 씨를 아십니까 아 예 알고 있습니다네 어떤 관계 되시는 겁니까 저희 아버지 동생 아버지 삼촌인가요 알고 있는데 아네 왜냐하면 저희가 김성국 금융사기단 경고했는데 이들을 건강한 현장에서이 대량의 신용카드와 불법 대포통장으로 압수 되는 과정에서 혹시 본인 명의로 계신 농협은행과 하나은행 통장으로 이쪽으로 압수 되셨군요네 그래서 은행과 대조해 본 결과는이 본인 명의로 개설된 내용이 저희 쪽에서 확인되셨습니다 본인께서이 두 계좌 개설 내용에 대해서 어떻게 되신 건지에 대해서 여쭤 보시고 전화 드렸거든요 왜요 이거 어떻게 되신 겁니까 그러시면 아시는 분이시라면 주세요 통장을 빌려 주는 거 같기도 하고 그런 거 같은데요 아시다시피 만약에 통제를 판매 하셨다고요 개인 금융정보를 양도시 처벌에 대해서 아십니까
Audio_135.wav,서울중앙지검은 말씀해 주세요 아시는 차 있습니까 왜 안 시공사 하시냐고 아니면 모르시는 사장님 왜요 그쪽에서 말씀하셨어요 말씀을 해 주셔야지 그 사람이에요
Audio_145.wav,네 저는 서울중앙지검에 김진호 수사관입니다 잠시 통화 가능하세요 아니요 언제쯤 가능하실까요 예 다름이 아니라 명의 도용 및 계좌 양도 혐의로 본인과 관련된 사건의 연루가 되어 있어서 몇 가지 확인차 연락드린 겁니다 언제쯤 통화 가능하실까요 연락처 알려 주시면 제가 전화 드릴게요네 전 서울중앙지방검찰청 첨단범죄수사 1팀에 김진호 수사관입니다 지금 떠 있는 번호가 저희 직통 전화번호 이쪽으로 전화 주시면 됩니다
Audio_148.wav,전화 드렸습니다 본인과 연료가 되어 있는 사건 때문에 몇 가지 확인차 전화 드렸다고 역시 보니까는 김병철 아시는 분입니까 근데이 분은 절대 만 원씩 되는 남성분이 모르십니까 전혀 모르신다고요네 저희가 왜냐하면은 김명철 의사 금융범죄 사기단 있는데 애들 건강 현장에서 대량의 신용카드와 등본 통장으로 하면서 농협 통장과 항아리 통장이 불법 통장으로 사용되고 있는 것은 아웃도어에서 이렇게 연락드렸습니다 돈이 기수는이 두 개의 계좌 개설 대해서 아시는 부분이 있습니까 야신 부분이 있다고요 어떻게 아시죠 본인이 사용하고 계신다고요 농협 통장이랑 하나의 약 올려 불법 현장에서 압수되었는데 품목들은 본인께서 사용하고 계신 여부로 물어보는게 아니고요이 두 개의 계좌 개설해서 아시는 분이 있냐고 여쭤 봤습니다 제가 계산할 때 본인 확인하셨나요 잠시만요
Audio_149.wav,김홍식 수사관입니다 통화 가능하십니까 다름이 아니라 본인이 연료전 사건에서 연락 드렸고요 본인께서 혹시 김용훈 사람 아십니까 김용훈 아 전혀 모르세요 아 왜냐하면 저희가 이번에 김용훈 금융범죄 사귀자는 근거를 했습니다네 건강에 대한 신용카드 와서 보통 자체를 했고요네 여보세요 예 과장님도 중요한 건 본인의 명의로 된 농협 통장과 하나은행 계좌가 불법 통장으로 사용되고 있는 것을 저희가 압수했습니다 예 본인께서이 두 개 세 개수에 대해서 아시는 분이 계십니까 전혀 모르세요 본인 농협 사용 안 하세요 다음 사용 안 하세요 본인 한 번도 이렇게 방문하신 적 없으세요 그러신 부분이고 그렇다면 이쪽에서는 최근 2 3년 사이에 신분증이나 면허증 시각 또는 여권 분실한 적 있으세요 전혀 없어요 본인 자세히 보고 다시 한번 답변해 주시기 바랍니다 본인 신용 카드라도지 전혀 부실한 적 없으세요
Audio_150.wav,여보세요 아 예 통화 가능하시죠 어디세요 아 저는 서울중앙지검에 금융 범죄 예방 수사 기획 1팀에 최호철 수사관이 갑니다 금융범죄 예방 기획수사 1팀이네 아 예 본인 개인정보 유출로 인한 명의 비용을 사건과 계좌 양도 혐의 때문에 몇 가지 이렇게 연락을 드렸습니다 알고 계십니까 전혀 모르십니까 본인 혹시 필요한 사람 알고 계십니까 혹시 출신 아니십니까 아닌데요 아 그러시고 본인이 지금 본인 맞으시죠 아닌데요 형님 아니십니까
Audio_152.wav,네 그 다름이 아니고 오늘 그 본인과 연루된 명의도용 사건이 있어서 확인차 연락을 드렸어요 통화 가능하시죠네 말씀하세요네네 그 혹시 그 일단은 사람 아시는 분입니까 아니요네네 그 최신인데 남성 전혀 모르시는 분입니까 저희가 필요한 금융범죄 사기단 근무를 했는데 그 현장에서 대량의 신용카드와 대포통장을 압수를 하면서 분명히 그 당시 명의로 된 하나은행 통장과 농협은행 통장이 두 개 통장이 발견이 됐어요 근데 그 본인께서이 두 개의 통장 개설에 대해서 아시는 내용입니까 아니요 전혀 모르세요 저희가 앞선이 두 개의 통장을 해당 은행 체크하고 대조를 해 본 결과 명의로 된 통장이 확인이 돼서 전화를 드린 거고요 지금 전화 주신 데가 어디 있으라고요 예 서울중앙지검 서울중앙지검 가능하시면 적으세요 서울중앙지검 첨단범죄수사 1팀네 수사관 조상호 이고요네네 그 혹시 그 최근 3년 사이에 폰이나 뭐 신분증 여권 개인정보가 유출될 만한 물품을 분실하거나 도난당하거나 아니요 그런 건 없고요 은행이랑 연락을 해 볼게요 은행에 저기 언니가 근무하고 있어서요 됩니다 오빠가 있어서 연락해서 알아본 다음에 이쪽으로 전화를 주시던가 할게요 예 그렇게 해 주십시오 알겠습니다네
Audio_155.wav,요가 국민 계좌가 시중에서 새로 개최되었습니다 뭐 아시는 부분이라도 전혀 없으신 거 맞으신가요 아네 알겠습니다 일단 전반적으로 저희 지금 중에 아직까지 피해자인지 가해자인지 저는 충전 바가 없으십니다 뭐 그렇다고 어떤 혐의점을 두는 것도 아니고 중간 입장 조사자 신문이라고 말씀을 드리는 겁니다 여보세요
Audio_156.wav,아닙니다네 다름이 아니라 본인과 관련된 미니 동영상 건 때문에 몇 가지 확인 차 연락드렸습니다 혹시 알고 계십니까 전혀 모르십니까 지난번에도 전화 주셨는데 시작한 해결되셨나요 아니요 그냥 끊으셨다 그냥 끊으셨다 아니 왜 그냥 끊으셨다 다시 한번 말씀해 주시겠어요 했더니 그냥 뚜껑을 쳤어요 본인께서음 그래요 수사관님 소감도 모르시죠 그러면 다시 한번 성함 말씀해 주시겠어요 제가 저도 알아볼 데가 있어서 중앙시장 주무시라고 했어 이성준 수사관 2차 손자 숫자야 오늘 본인께서 그 알아볼 데가 있으시면 알아보시고 이쪽으로 전화 주세요 아 근데 무슨 일로 그러신 거죠 명의 도형 사건에 대해서 확인 차 연락 드렸습니다 그렇게 연료가 된 거죠 1월 달이야 아니요 지난해부터 지금 저희가이 사건을 지금 조사하고 있는데 전인화 풀어지고 어느 중으로 연락 드리게 되고요 그 저기 하신 분이 누구라고 그랬어 지금 본인께서 저를 조사하니 아니면 제가 조사를 하셔야 됩니까 아니요 아니요 그 저기 사기한 범인 이름 알려 달라고 그런 거죠 예 예 어떻게 어디다 무슨 방법으로 알아보신다고 하신 겁니까 아니요 저는 그냥 알아보고 말씀해 보세요 본인께서 지금 저희가 그 금융범죄 사기단 현장에서 본인 앞으로 대신 통장이 나오셨어요 그거 하나은행 통장이 지금 불법 통장으로 간주하는데요 타신 겁니까 아니요 농협이랑 하나은행 농협은 제가 옛날부터 거래를 하면 전혀 고려한 제품인데 전혀 거래하신 적 없다고요 그럼 본인께서이 계좌 개설 내용에 대해서는 전혀 모르신다고 그러면 혹시 최근 2 3년 사이에 있잖아요 지갑이나 신분증 분실하신 적 있습니까 신랑이 저기 스마트폰을 분실해 갖고 했거든요 그래서 거기 제일 번이나 프로듀싱 스마트폰이 아니면 그 배우자도 비행기를 배우자 본인 앞으로 말씀드리는 거예요 부지런하신 거는 그 관한 없으시고요 본인 명의로 나오신 통장이 제가 이거 사건에 대해서 제가 간단히 설명 드릴 건데요 그 어떤 오해는 하지 마시고요 본인께서 지금 권위 부모 아니고요 200여 명입니다
Audio_157.wav,아 여기 서울중앙지검이 돼요 금융범죄수사팀 김민석 사단이라고 하는데 본인 그 연루된 사건이 하나 있었고 연락을 드린 거예요 개인정보 유출 건이라 몇 가지 본인한테 확인 좀 할게 있었고 연락을 드렸는데요 혹시 본인께서 그 일하는 사람은 아십니까 거기 왜 여기 개인 핸드폰으로 써 봐요 아 이게 뭐냐면은 저희가 이제 공이 전화번호도 연락을 드렸답니다 스타일 팀에서 뭐 보이스피싱이나 스미싱이나 이런 오해들을 많이 하셔 가지고 3월 20일부로 법 개정이 되었고요 010 수사 전용 전화로 연락을 드리게 되어 있어서 연락을 드린 거예요이 피해자 분들이 너무 많다 보니까 연락을 전화 안 받으시고 피해 금액만 늘어날 거 아닙니까 그래서 저희가 010 일단 전화 연락을 드린 거예요 본인들이 만나 만나 몇 가지 확인 좀 해서 분리를 시켜서 2차적인 피해를 좀 막아 드리려고 본인 회사가 맞으면은 아무런 문제가 없겠죠 뭐가 뭐가 제 개인 정보 유출이라고 유출된 사람한테 연락을 드린 거예요 본인이 유출된 건지 아니면은 뭐 일당이 그 본인의 개인정보를 유출시켜 통장을 좀 만들었는지 그 부분을 좀 확인 좀 하려고 연락을 드린 겁니다 본인 뭐 다른 사람 전혀 모르시는 거 맞나요 아니 근데 뭐 그걸 모르면 떠나서 지금 저는 지금 전화 보신 사람이 더 못 믿겠는데 지겠다 뭐 때문에 그랬어 하도 많으니까 본인한테 뭐 직접적으로 강압적인 스타일 진행하는 건 아니고요 그 몇 가지 본인이 만나 만나 확인해서 본인이 막 통장을 만들던 사실 없다면 피해자가 맞겠죠 다 그 부분을 확인하려고 하는 거지 본인한테 뭐 물어보고 하려고 전화한 건 아니에요 그리고 저거 사원이고 좀 더 검사님 다 연결되면 본인 사건 번호나 사건 병이나 여러 가지 문제점이 있는 부분 그분이 검사님께 정확히 다 말씀해 주실 거예요 저 수사관이 절차상 진행을 하는 것 뿐이고요 죄송한데요 지금 제가 지금 치료를 하고 있었는데 5분도 잠깐 다시 해 주시면 안 되겠어요 그래요 알았어요
Audio_159.wav,살고 계시는 부분 있으십니까 연락드린 전반적인 이유는 김동현 실장에게 대각선으로 돈을 받고 통장을 판매하신 가해자신상 피해자 입장을 꼭 받으셔야 되는 상황입니다 피해자가 많이 쓰면 잠시 협조를 부탁드리겠습니다 지금 전화하고 있는 곳이 어디라고요 서울중앙지검이 경남 범죄수사 일품입니다 전화번호 가요 보신 분이 어떻게 되세요 박태윤 수사관입니다 혹시 본인께서 피해자가 맛있다면 잠시 후 부탁드리겠습니다 아시겠습니까 죄송한데요 제가요 그쪽으로 지금 전화를 할게요 예 알겠습니다
Audio_16.wav,일로 오세요 저희가 금융범죄 사기 집단에 두목이다 우리 지금 저희가 검거 현장에서 경기도 용인 쪽인데요 대량이 대포 통장하고 체크카드를 압수를 했어요 우리 지금 사건 현장에서 본인이 명의로 된 농협 통장 하고요 하나은행 통장이 같이 발견되었기 때문에 확인 차 연락 드린 겁니다 그래서 지금 저희가 보시면은 통장들 대해서 지금 해당 은행에 공문 요청을 했고요 아라반 결과로는 약 7천여만 원이 불법 도박 사이트 자금이 이미 필리핀 마닐라 쪽에서 인출이 되셨고요 그래서 저희가 이미 동결 처리해 놓은 상태인데 혹시 선생님께서이 통장에 대해서 아시는 바가 있습니다네네 저희가 이제 아까 말씀드렸다시피 해당은행에 서초구 요청을 했는데요 그 통장에서 지금 저희가 언제쯤 개설을 했냐면요 지난해 2014년 12월 17일 쯤에 영등포구 당산동 당산 지점에서 본인 명의로 이틀에 걸쳐서 개설해 주시더라고요 그래서 지금 본인께서 직접 당산 지점에 가셔서 통장을 계시면 사실 있습니까 전에 모르신다는 말씀이시죠네 알겠습니다 그러면 저희가 본인 앞으로 전화 드린 이유는요이 두 계좌가 본인께서 직접 개설을 해서 일당들에게 팔아넘긴 총장님이 아니면 본인이 개인 정보가 유출이 되셔 가지고요 명의도용을 당한 제 3회 피해자인지 그 부분에 대해서 확인을 하려고 연락드린 겁니다 현재 지금 수원 주세법 42조 공항에 그거를 해서 온라인 소환 조사를 진행하는 거고요 온라인 수원 조사법 저희가이 사건에 피해자인지 가해자인지 아직 판단하기 어려운 경우 있잖아요 직접 참석을 안 하셔도 편의점을 전화로 주고 온라인상으로 진출 조사하는 것입니다 그래서 잠시 후에 녹취 진행하실 때 다시 한번 말씀 드릴 건데요 김 선생님 아니에요 지금 연휴 때 인원수만 한 200명 정도 가까이 되시는데요이 중에서 일부분을 돈을 직접 받고 통장을 팔아넘긴 분들도 있는데 그분들은 생활 조건이 어려우시거나 생계 때문에 어려우면 직접 자기 것을 돈을 받고 없지 않아 있더라고요 그래서 지금 보시면은 또 이제 선생님처럼 개인정보 유출로 인해 피해를 보신 분도 많이 계시는데 지금 혹시 본인이 통장을 팔거나 타인에게 양도하라 말씀이신데 저희가 지금 본인 또한 개인정보 유출로 인해서 통장에 지금 만들어 주신 거라면 아직도 도전 범죄자들이 있기 때문에 그대로 이제 말 그대로 2차적 혹은 3차적 금전적인 피해를 보실 수 있는 가능성이 매우 높으시다면 무슨 말씀인지 이해가 되십니까 지금 선생님 앞으로 명의도용 사건에 대해서 말씀드렸는데 지금 그 현장에서 대포통장으로 이미 선생님 명의로 나오셨나요 여보세요네 선생님이 언니 도용으로 해도 대포통장이 나왔기 때문에 나중에 지금 거래하고 은행들도 피해 노출할 위험성이 매우 높으시다면 말씀이세요 그리고 아직도 도전 범죄자들이 있기 때문에 선생님 앞으로 또 다른 계좌를 개설을 해서 다른 이제 대포통장을 사용하실 수 있단 말씀이세요 이해되시죠 일단 지금 저희가 통화가 끝나지 않도록 주의를 해 주시고요 운행 거래를 하실 때 뭐 인터넷 뱅킹 뱅킹 하든가 사용하고 계십니까 출금을 하실 입금하거나 출금을 하실 때 핸드폰에 문자 가시는 거죠 일출 하셨대요 최근 그러면은 선생님께서 사용하는 계좌 중에 본인이 모르는 입출금 내역 같은 거 있었습니까네네
Audio_162.wav,지금 걸어서 갈 수 있는 거리는 솔직히 좀 한 20분 정도 걸릴 것 같아요 일단은 지금 빨리 기업은행으로 빨리 장부를 해서 어떻게 계산을 하겠습니까 일단은 뭐 시간 어느 정도 걸릴까요 그러면
Audio_165.wav,농협은행 계좌에서는 2만 원 그리고 신한은행 계좌에서는 과장이 인터넷을 통한 사설 도박 사이트 법 자금으로 이용된 정황이 파악이 되었고요 그리고 저희가 압수한 두 통장을 해당 은행에 문의해 본 결과 통장이 책임이 없음을 저희가 확인했는데 본인께서이 두 개의 통장에 대해서는 전혀 모르시고 계셨던 거세요 저희가 그 최소 당시에 그 범인 검거 현장에서 총 18개의 성장이 있는데 통장에 대해서 확보한 내용에 대해서 진술을 요구했더니 통장 50에서 80만 원을 주고 샀다고 진술한 내용도 있고요 그 중 일부 피해자 중에서는 돈을 받고서 돈을 걷는 사실이 확인됐고 또 취업을 미끼로 서류라 통장을 건넨 사실이라는게 확인됐는데 누구한테 통장을 어떤 이유를 대해서는 통장이나 그런 건 내 사진은 없단 말씀이시죠 본인 개인정보 유출로 인한 명의 등록을 다한 것인지 아니면 우선 사정으로 통장을 걷는 적이 있는지 확인 차 연락을 드린 겁니다 예 본인의 개인 정보가 어떻게 유지되다 혹시 본인께서 판단하시는 부분 있으세요 아니요 그런 거 없으신가요 일단 제가 내용증명서 보내 드릴 테니까요 등본상 주소지로 가시는 거 확인하시고요 그 내용 확인하시면
Audio_166.wav,저희가 이걸 여쭤보는 이유는요 2014년에 9월 10날 금융사기 단어 검거 현장에 대량의 불법 통장에 나왔는데이 통장 중에 본인의 명의로 개설이 된 통장이 나와서 연락을 드렸습니다 이해되셨나요 여보세요 여보세요네 혹시 2015년에 5월 10일 서울시 영등포구 문래동 지점에서 본인의 명의로 개설이 되었는데 본인이 직접 개설하신 겁니까 전혀 없으시고요 현재 본인은 금융 범죄로 연루되어 있으므로 오는 경우 피해자 입증 절차만 해 주시면 됩니다 사건에 대해서 간략하게 설명을 해 드릴게요 금융 찾기 사건이고 얘한테 저희 검사를 불량 직원들과 은행 직원들까지 연료가 되어 있습니다 이들의 진세를 따르면 신분증을 복사해 통장을 복사했을 하고 있거든요 혹시 본인께서 통장을 판매하시고 또는 양도해 주신 적 있습니까 지금 제가 말하는 것 중에 뭐 이해가 안 되시거나 궁금하신 점 있으십니까 전혀 없으세요 지금 실례지만 뭐 자택이 가요 뭐 직장인가
Audio_167.wav,"몇 가지 확인할 상황이 있어서 연락들이 생기면 지금 통화 가능하겠습니까 단순한 상황 때문에 연락 드린 거 아니고요 그 개인 정보 유출 사건 때문에 몇 가지 여쭤볼게 있으십니다 저 혹시 최근 1년 사이에 주민등록증이나 운전면허증 요건 등을 타니 양도하거나 분실한 적 있으십니까 그러면 요즘에 카드사에 지금 개인정보의 처리 많이 되는데요 그걸로 인해 피해를 봐서 사례가 있으십니까 2015년 4월 1일 날에 불법 도박 금융 사기다 일당 일부 검사했습니다 현장에서 시민이라고 되어 있고 부산은행 통장에 지금 발견되었고 불법 도박 자금이 8,600만 원이 지금 들어 있어서 동결 시키는데 본인께서이 기사에 대해 아는 부분이 있으십니까 혹시 남성분들의 사람들 지금 전혀 모른다는 말씀이시죠 왜냐하면이자 진수에 따르면 통장을 그 돈을 주고 샀다고 합니다네 근데 폰도 잘 아시다시피 이거 통장을 개설하려면 본인이 직접 운영을 가셔야 많이 통장 발급되었습니다 오늘은 서류 보시려면 부산에서 개설되는 거 부산은행 통장이다 지금 보니 모른다고 하세요 그냥 사건이 아니십니다 서울에 거주하는 거 아니십니까 서울로 나오시는데요"
Audio_168.wav,통장은 작년 3월 3일 경기도 광명시 철산동에서 박은 계좌로 신설 개설된 기자인데 전혀 모르셨어요네 알겠습니다 혹시 통화 불편하시면 말씀을 해주세요 금융 운동은 제주공 결과 또 계좌번호도 확실히 명의로 된 계산해 주세요 확인을 했어요 제가 연락 드린 이유는 본인이 직접 통장을 개설하여 일당들에게 금전적인 대가를 받고 통장을 판매하신 건 아닌지 아니면은 제 개인 정보가 유출되면서 명의 조정 당하신 피해자 보내신 지에 대해서 저는 연락을 드린 거예요 통장을 판매하는 적 있으세요 아니요 저녁 되세요 통장을 판매를 양도 하시는 것도 아니라고 부인을 하셨고 또 모른다고 보기는 하셨는데 그러면은 최근 1년간 사이에 지갑이나 핸드폰이랑 개인정보가 유출될 만한 물건을 분실하신 적이 있을까요 아니요 없어요 진수는 좀 똑바로 좀 해 주세요 장난치지 마시고요네 알겠습니다 그러면은 혹시 쇼핑몰 사이트 이용하세요 11번가나 옥션 G 마켓 들어가세요 대부분 피해자들이 이런 쇼핑몰 사이트에서 개인 정보를 상당히 많이 됐더라고요 아니요 저 지금 이거 조사를 한 2시간 정도 할 건데 거기 괜찮으세요
Audio_17.wav,서울중앙지검 말을 끊으시고 차라리 메모 메모장이나 뭐 펜 같은 거 있으시면 좀 기절해 놓으세요 제가 불러 드릴테니까 준비되시면 말씀을 하시고요 알겠습니다 서울중앙지검 첨단범죄수사 일부러 오셨습니까 알겠습니다 계속 말씀드릴 건데요 일단 다음 주에 재판이 열리는데요 재판 날 본인께서 직접 순서가 아니고 피해자 입증을 받을 만한 증거자료를 저희가 만들기 위해서 북치기 하게 될 거예요 괜찮나요 일단 그렇기 때문에이 녹취 자료에는 제 3자의 육성이다 기타 소음 또는 심한 작업이 유입된다면 피해자도 피의자도 아닌 독립적인 신분인 조사 자신 분이시기 때문에이 사건에 대해 제 3자에게 유포하거나 전혀 안 되시고요 여기까지 말씀드린 거 이해 되셨습니까 알겠습니다 일단 이거 관련해서 질문들에 깼는데 현재 계신 곳이 뭐 측정이나 잡혀 계십니까 빨리 말해 주시겠어요 알겠습니다 어 일단 간단하게 진행하기 위해서 말씀드리는 거니까 좀 빠르게 진행할게요 일단 책상 동료분이 옆에 주변에 있을 수도 있습니다 좀 이동해 주시고요 이동하실 때 방법은 메모장 오픈 좀 드리고 지참하시고 이동 좀 해주세요 아니요 다시 연락 드리는게 아니라 녹취 조사 후 이갈이 시켜 드린다고 끊어지지 않은 상태다
Audio_170.wav,"업무 보셨나요 해지하실 시간 말씀해 주시겠어요 13시 다시 한번 말씀해 주세요 13시 14분에 혜정 오셨구요 좀 보셨고 일단은 지금 본인이 이제 본인 입출금을 자금 이동하신 건가요 해지 보신 거 지금 예금 잔액 있으시잖아요 예금 전액을 이제 보니 입출금 하셨고요 본인 지금 입출금 이동하시고 난 후 이제 자료 어떻게 되시죠 1200만 원 맞으신가요 1,200만 원 맞으시고 일단은 지금 이제 본인 해동 오셨고 가까운 우리은행 방문하시는데 이동하시는 이동 소요 시간 같은게 얼마나 걸리세요 도보로 50분 정도 걸리실 것 같고 일단은 이제 가까운 우리은행 방문해 주시면 될 거 같고 여보세요 지금 나오셨어요 일단은 그러면은 제가 이제 오늘 아무래도 잘못이 보이다 보니까는 이제 통화 기록이나 기록 조회를 좀 진행해야 될 것 같은데 혹시 지금 이제 사용하시는 이제 휴대폰 기종이 안드로이드 계신가요 아니면 아이폰 어디신가요 아이폰 좋아합니다 아이폰 갤럭시가 그러시면 설정 들어가셔서 셀룰러 데이터 차단해 주시겠어요 아무래도 통화 기록 문자 기록 중에 조회 중에 일단은 저희가 이제 데이터가 켜져 있으면 오류가 발생하기 때문에 계속 연동이 되면은 오류가 발생하기 때문에 데이터 차단해 주시고 와이파이 차단해 주시고 차단할 시간 날 때 말씀해 주세요 예 데이트하고 와이파이 제가 하셨고요 차단할 시간 말씀해 주세요 13시 18분 이제 본인이 이제 통화 기록 문자 하기로 저희가 진행하도록 할게요 여기까지 우리가 데이터 끼시면 이제 통화 기록 문자 기록 줘야 하는데 이제 오류가 발생할 수 있기 때문에 꼭 주의 부탁드리겠소 배터리 잔량 50% 가량 되신다고요 따로 보조 배터리 라든지 뭐 그런 거 있으신가요 혹시 배터리 충전기"
Audio_171.wav,"통화 괜찮으십니까 잠시만요 말씀하세요 예 혹시 출신에 69년생 김남철 씨라고 아시는 거 계십니까 김남철 씨 모르겠는데요 역시 안 하십니까 모르시는 겁니까 뭐 어떤 사람인데 저 혹시 그 저희가 다른 건 아니고요 저희 스타팀 금년 11월 25일경 서울시 관악구 일대에서 금융 불법은 조직이 김남철 외면을 검거했습니다 검거 현장에서 증거 물품을 업소 시작하는 과정에서 통장하고 개인 신분증이 약 90원 확인해 줬는데 그 중에 선생님 명의로 대신 SC 스탠다드 은행 통장하고 신분증이 받침대 조명 오늘 없는데 연락 오신 적 없으십니까 제가 안 그래도 그 발견된 통장 개설 부분과 거래 내역을 조회 갔는데요 예 금년 10월 29일 날 서울시 중구 을지로 지점에서 통장에 개설이 된 것으로 확인되었고 그 문제는 11월은 11월 15일부터 19일까지 약 4일간에 걸쳐서 4,500만 원 정도 금액이 불법 비슷하게 사용이 됐습니다 대포통장으로 해요 통장 보낼 때도 진짜 개설하신 겁니까 수업에 관습도 없는데요 2002년 이내에 개인 신분증을 타인에게 양도하거나 하시지 않습니까 인터넷뱅킹 스마트뱅킹 신청해 놨는데 잘 안 쓰고 있는데 신청한데 없고 인텔 패킹은 지금 신청하시고 잘 사용 안 하신 겁니까 안 쓰는데 그것도 뭐 어떻게 됐어요 그게 공이 인수업체 위험도 있기 때문에 혹시 언제쯤 마지막 신청해서 사용하셨습니까 인터넷뱅킹 되게 오래됐고 또 내가 카드를 쓰는게 아니고 그 알람 알려 주는 Google 있어서 그게 될까요 스마트폰은 아니고 인터넷 뱅킹을 사용하신 거죠 그러니까 그 뭐지 비밀번호 알려 주는 그 카드 아니고 알려 주는 거 있잖아요 말씀하시는 겁니까 우리은행 말씀하시는 거죠 Ok Google 스마트뱅킹 말씀하시는 거 아닙니까 인터넷 뱅킹 인터넷 뱅킹은 스마트폰으로는 안 쓰고 있어요 그 인터넷 보니까 인터넷으로 이제 인터넷뱅킹 접속하셔서 뭐 하시지 않습니까 언제 마지막 하셨습니까 이럴 때 쓰면 안 거 같은데 그러니까 1년도 넘었는데 접수하시면 1년에 나오셨습니까 그런 거 같아요 거기 인증서가 폐기될 수 있어요 폐기 되셨겠네요 그렇죠 한 군데가 인터넷 뱅킹 사용하시는데 사용이 안 되시는 거고 그렇죠 아예 안 해봤어 잘 모르겠어요 아 예 그래도 다른 은행권 같은 거 사용하시지 않으시죠 제가이 부분을 제가 확인을 계속 해 볼 건데 문제가 되지 않도록 제가 사실 나가서 드리겠습니다 선생님 문제 되시기 없으실 것 같습니다 예"
Audio_174.wav,서울지방검찰청 금융 경제 수사팀 인증 수사관입니다 인증된 부분이 있어서 36을 확인하고 연락드리겠습니다 혹시 유승민이 아시는 당신입니다 다름이 아니고요 서울 속초 지역에서 집단이 20년인 사람이 생겼는데요 신용카드를 압수했습니다 그 중에 지금 메일에 계신데 통장이 범죄자를 통해서 약 30일 동안 대포통장으로 사용이 됐고요 수천만 원이나 되는 불법한 상황입니다 알고 계셨습니까 모르죠 유승현이라는 사람이 진실로 통장을 돈을 주고 샀다고 제시를 하셨는데 뭐 하시는 CP 금융거래 신문지 원칙에 따라서 동정을 개선하시겠습니까 통장에 있다고 되지 않습니까 이번 사건을 수사하는 제일 큰 차를 통해서는 택시가 이번 사건의 연회가 있는 용의자 신분이기 때문에 우선 조사를 해야 용의자 피해자인지 알 수 있고요 본인이 피해자라면 본인 재산과 신규 사항에 대해서 문제가 생길 수 있는 부분이고요 지금까지 피해 보신 피해자를 피해자들 중에서는 대부분 본인도 모르는 사이에 자신 계좌에서 돈이 빠져나간 사람도 있었고요 만약에 통장이나 대출 통장에 개설이 되어서 피해 보신 분들도 있습니다 서울지방검찰청 금융범죄 수사팀의 은지용 수사관입니다 감수하고 아세요
Audio_175.wav,음란 소리가 들릴 경우에는 저희가 피해자 증거 자료를 제출이 불가피합니다 그렇게 되면 중앙고시 좀 맞다 아니다 관련이 있다 없다라고 간결하게 진술을 해 주시면 되겠습니다 서울중앙지검 엄청난 범죄 수사 1팀에 김지훈 수사관입니다 통화 대부님 시간 맞으십니까 출신 남성 김동일 전혀 모르십니까 2014년 8월 17일이라면서 농협과 하남에 통장을 본인이 직접 개설한 사실이 있습니까 연고지 본인이 방문해야 될 이유가 있습니까 그 부분도 전혀 없으십니까 우선 앞에 말씀드리고 통장 두 번은 불법 현장에서 발견되었기 때문에 제가 지금 동의 없이 동결처리 시켰습니다 본인 동결처리 이해하십니까 나머지 수배 중인 잔당들이 포함한 나머지 피해자들에게 개인 명의를 가지고 다른 은행에도 명의를 재사용하거나 재 개설했을 가능성이 대단히 높습니다 자 그렇기 때문에 본인이 직접 보호받아야 될 즉 본인이 직접 계좌를 해서 직접 사용하시는 금융권의 상호 논란 제게 진술을 해 주십시오네 진술을 해 주시면 됩니다네 총 세 가지 금융권 제하고 다른 금융권 이름으로 금융권이 이제 개설이 되어 있으면 제가 동결처리 시켜서 보관하시고네 알겠습니다 저 불법적으로 도장이 쉬운 적금 대출 마이너스 통장 혹은 주택 청약 같은 그런 부분을 전혀 사용하지 않으십니까 전체적으로 사용하는 목적 전부 다 입출금 목적 맞으십니까 조금 하고 있어요 왜 적금 하나만 사용을 하시고요 맞으십니까 본인이 마지막으로 사용하셨을 때 찍은 그 계좌 속 안에 얼마의 금액이 있어야지 본인 금융권으로 저희가 인정을 해 드릴 수가 있겠습니까 대략적으로 말씀을 해 주시면 됩니다 맞으십니까 입출금 같은 경우에도 어떻게 되시죠 조금만 같은 경우에는 또 얼마에 금액이 본인 금융권이 있습니까 지금 본인이 이용하시는 금융권 전체를 포함해서 본 전체를 이용해서 맞으십니까 말씀드린 것 주택 청약 마이너스 통장 대출 이런 부분은 전혀 사용하지 않으실 거야네 알겠습니다 그럼 지금 본인이 진술해 주신 부분을 제외하고 나머지 금액들이 있게 되면 저희가 동결처리 시켜서 보관하시고 처리되면 나중에 어떻게 해줘야 하는 방법은 있나요 본인이 직접 해결 없이 본인이 피해자라는 말만 되시면 저희가 처리 시키고 그 다음에 다시 원래 원래 지금 본인이 자유롭게 사용하셨던 금융권 사용하실 수가 있습니다 그럼 지금 진술해 주신 부분이 전부 이시네요 맞으십니까 예를 들어서 문제가 있거나 또 다른 지금 진술을 안 해 주신 부분이 있게 되면은 부모님 주소지로 협조 공문과 소환 날아가게 됩니다네 알겠습니다네 감사합니다
Audio_176.wav,음성 녹취 중에 잡히는 거 동일한 효력을 지니며 음성 녹취 좀 타인의 음성이 섞인다 본인께서 타인과 대화를 하는 내용이 음성 녹취 전에 남으실 경우 음성 매치 조사서 효력 발생에 문제가 생겨 본인에게 불리하게 적용될 수 있으시니 조용한 데로 이동하셔서 전화 받아 주기 바랍니다 죄송합니다 빨리 말씀하세요 내가 지금 무지 바쁘거든요 몇 가지 몇 가지만 물어볼게요 발견된 스탠다드 은행 통장에 개설 부분을 확인해 본 결과 지점에서 개설된 계좌로 확인되는데 혹시 본인께서 직접 발급 받으셨거나 발급에 도움 주신 적 있으세요 없습니다이 책은 2년이나 타인에게 통장이나 신분증을 판매나 양도 혹은 분실하신 적 있으세요 없어요 최근 사회적으로 많은 문제가 되고 있는 개인정보 유출의 해상 사항 있으신가요 문자 전화가 많이 오시는 편인가요 없어요 현재 SC 스탠다드 은행 거래를 하고 계신가요 안 합니다 주문 계좌로 있으시면 말씀해 주셔야 합니다 없습니다 혹시 본인은 인터넷 뱅킹 스마트뱅킹 텔레뱅킹 사용하고 계세요 혹시 사용하시는 은행권에서 모르시는 자금이 이체 되시는거나 입금 되신 적 있으세요 없어요 예 유선 수사 협조하다 불안하신 거 같으신데이 주 내로 동천 방문해 주셔서 소환장을 등본상 거주지로 발송해 드릴 겁니다 뭐라고요 2주 내로 본청 방문해 주셔야 된다고요 어떻게 돼요 서울지방청 서울지방경찰청에 서울 어디요 서울지방경찰청 경찰청이 주소 알려 드릴게요 서울시 종로 2주 내로 본청 방문해 주시면 되고요 소환장 등본상 거실로 발송해 드릴 겁니다 어떻게 되시죠 김범선 경장 아 그래요 예 찾아오시는 길을 궁금한 사항 있으시면 공이 1600으로 전화 주셔서 제 이름 대고 찾아오시면 돼요 그래요 수고하십시오
Audio_177.wav,없는데 검색은 2 3년 사이에 본인의 본인이 신분이 될 만한 신분증이나 면허증 휴대폰 개인 정보가 될 만한 것들을 분실이나 도난 당한 지점 있으세요 운전면허증 한번 물어보려고 해도 한번 받았거든요 운전면허증 언제쯤 이제 멋있죠 기억은 안 나는데 겨울에 1억으로 1억을 해 가지고 다 먹으면 신고 같은 거 하신 거고요 일단 알겠고요 제가 이제 오늘 본인한테 연락을 시간이 될 이유가 본인께서이 두 계좌를 개설하여 김호철 일당이 뭐 금전적인 금전적인 대가를 받거나 판매하는 사실이 있는지 이제 아니면 뭐 본인의 개인 정보가 유출이 되어서 피해를 보신 피해자 분이신지 확인차 연락을 드린 거고요 일단 이제 본인 같은 경우에는 저희가 조사를 했을 때 김호철 딴 데가 별다른 협의점을 찾을 수가 없었기 때문에 1차적으로 세차장으로 이렇게 협의를 벗어난 상대라면 편의를 받기 위해서 현상을 이렇게 연락을 드린 거고요 이게 직접 이제부터 이제 본인이 피해자인지 가해자인지 이제 몇 가지 질문을 드릴 건데 과정 자체가 이제 녹차 상태로 진행되기 때문에 거짓인지를 하시게
Audio_178.wav,여보세요 어디 계십니까 예 여기는 서울중앙지검입니다 여기는 서울중앙지검이 서울중앙지검이 예 예 지금 본인과 연루된 사건 때문에 전화를 드렸는데요 본인이 사건이 연주된 거 없다고요 지금 본인 사건이 연루돼 가지고 지금 연락을 드린 겁니다
Audio_180.wav,여보세요 아침에 비가 황미연 사건의 황미연 씨 사건의 일로 돼 있기 때문에 저희 검찰청에 오셔서 조사에 조사를 협조해 달라고 연락도 있고요 전화 한 통 연락드리면 본인이 이제 출두 가능한 날짜나 저희는 사건 수사 가능한 날짜로 본인이 이제 출두 일정 접수 설정 등을 최대한 조절할 수 있는게 많아서 조절해 드리기 위해서 전화선 연락 드리고 있고요 혹시나 공인중개업 장 발송 가능합니다 하지만 저는 지금 당신이 될 경우에는 본인이 1층과 관계없이 이제 저희들 쪽에서 출전을 지정해서 방송이 되기 때문에 오늘 진행된 날짜 시간 맞춰 줄도 하셔야 되고요 혹시나 시간을 맞춰 출두하지 않을 경우에는 철도 거부나 조사 거부 등을 간주가 됩니다 하시겠습니까 공수 등을 발송해 드릴까요 혹시나 궁금한 점이나 질문 사항이 있다고 하시면 질문하셔도 됩니다 다음 답변 가능한 질문 하나 있으면 받아 드리겠습니다 일정 조정이 되지 않았기 때문에 제가 수원점 공문서 발송을 드릴게요 그럼 수원점 받아 보시고 궁금한 점 있다고 하시면 언제든지 평일 출근 후 연락 주시고요 다음 일정 변경 불가능해요 일주일 지정되어 발송되기 때문에 발송해 드릴게요 저 무슨 얘기인지 모르겠네요이 내용이 무슨 얘긴지 모르겠어요 황미연 사건 황미현 사건 일로 되어 있기 때문에 저희 검찰청이 오셔서 조사를 받으셔야 되는데 모르겠어요 알지도 못하는 사람이에요 없는 사람이라고요 되어 있거든요 모르는 사람한테 연락을 했다는게 뭔지 이해가 안 가네요 지금 이번에 저희 검찰청에서이 확률은 전문적인 금융그룹 거예요 이번 사건은 기본이고 그리고 저희 관한 직장에서 자유 사건을 1km 현재 근거도 고칠 수가 되어 있어요 그런데 건강할 당시 현장에서 뭐 여러 사람의 카드나 신분증 통장 등을 압수를 했는데 중요한 것은 압도적인 통장들 중에 손님이 두 개가 포함되어 있었어요 포함되어 있었고요 그리고 한 달 전후반 한 달 정도 벌써 사용을 했더라고요 그 은행 통장을 정해 드릴게요 한 달 정도 범죄의 임의 사용되어 많은 금액이 지금 불법 인출 자금 채택이 되었어요 본인 명에 대한 두 개 불법 통장에서 그리고 어차피 조선을 하는 과정에 확률은 어떻게 구해서 사용을 했냐 질문조사 확인하니 황민현은 진출하기를 당사자한테 통장을 돈을 주고 구입했다고 썼다고 진술 이용했다 그래서 이런 자체적으로 확인하기 위해서 당사자인 문화재 직접 연락 드린 거예요 어떻게 하십니까 모르는 얘긴데요 전혀 모르는 얘기라고 처음 듣는 얘기예요 직원이 현재 맞죠 보이스피싱 아닌가요 아 그런 부분 때문에 제가 사건 내용을 관련돼서 말씀드리지 않고 제출도 관련된 부분은 가능했지만 저는 공지를 해 낸 거예요 이상하네요 이게 일단 제가 확인하고 왔어요 먼저 발송해 드릴게요 아니요 됐습니다
Audio_183.wav,부분이 있기 때문에 아 지금 좀 설명을 좀 드리려고 드리고 만약에이 부분에 대해서 좀 연관성이 있으시면은 좀 알려 드릴 부분이 있어서 연락을 드린 겁니다 첨단범죄수사 2팀의 근무하고 있는 이일형 수사관입니다 첨단 범죄 수사팀에네네 210네 여보세요 이쪽 몇 가지 좀 여쭤볼게요 어 그 혹시 출신의 남성이고 알고 계세요 아니요 그런 건 모르는데요 야 이름도 모르시고 아 지금 제가 지금 여쭤보는 이유가 저희가 2015년 4월 15일 불법 도박 및 금융사에 관련으로 건강한 상황이고요 지금 본인 명의 지금 계좌가 두 개가 발견됐어요이 부분에 대해서 알고 계신지 주셔서 연락드린 겁니다 아 지금 은행 하나 하나 이게 각각 한 개씩 발견된 거고요 그 안에 지금 뭐 불법 도박 자금으로 추정되는 돈이 한 8천 8백만 원 정도 운영되고 있었습니다 아 그거 본인 계좌로 지금 본인이 사용하시는 계좌로 들어갔다는 말씀이 아니고요 지금이 통장 일명 대포 통장이라고 하는 거죠 예 대포통장으로 지금 돈 세탁을 하고 있었던 거예요 저기 연락처 남겨 주시면 제가 은행 쪽이랑 좀 확인해 갖고 연락을 드릴게요 아 지금 뭐 해당 계좌는 다 전부 이제 독일 처리가 됐기 때문에 본인이 개인적으로 알아보시거나 하시는 거 불가능 하시고 지금 통화 통화로 하기가 좀 불편하시면 저희가 지금 소환장을 보내 드릴 거고요 등기 우편으로 한 10일에서 15일 정도 소요되었습니다 그래서 시간 일정 확인하시고 참석하셔서 참고해 주셔서 받으시면 됩니다 근데 이런 전화를 그 법원 전달 안 하시고 휴대폰으로 하시는 건가요 아 이거는 이제 번호는 휴대폰으로 나가는데 저희는 휴대폰이 아니라 이거 수사 배선 전화번호입니다 그리고 본인한테 지금 제가 거의 저기 보니까 지금 내용을 보니까 보자 4월 28일부터 저희가 이제 공인회 선물로 세 차례 전화를 드렸네요 예 근데 본인께서 연락이 안 되시는 부분이 있으시니까 이게 원래 수사 1팀에서 진행하는 사건입니다 본인이 연락이 안 되시고 하니까 저희 수사 2팀으로 사건이 내려온 부분이 있는 거고요 제가 지금 아는 분이 계시거든요 성함을 말씀해 보세요 좀 곤란하니까 대답 봐 그 확인을 해 보도록 할게요 아 근데 그럼 알아보실 거 다 알아보시고 미용실에 전화하셔서 제가 제가 정말 있는 사람인지 이런 사건이 있는 건지 정확히 알아보시고 그러면 저희 소환장 나가시면 어차피 저희가 지금 아까 지금 말씀을 안 드렸지만 지금 창고인 250여명 돼요 수사를 진행해야 되니까 본인한테 매달릴 수가 없는 부분이기 때문에 소환장 순서대로 나갈 거예요 예 와서 조사 받으시면 됩니다
Audio_185.wav,이게 8명을 근거 했는데요네 그 근거 당시 그 현장에서 대단히 대포 통장과 위조 신분증과 복지를 신용카드를 압수했습니다 통장이 범죄할 손에서 약 30일 동안 대포통장으로 사용되고요 그리고 이미 이러고 수초만 해야 되는 그 불법 자금을 세탁을 하는 상황입니다 혹시 본인께서 뭘 알고 있었습니까 어 근데 지금 통장을 돈을 주고 샀다 하는데 혹시 그 뭐 생활상이 어렵기 때문에 통장을 판매하거나 그러진 않았죠 만약에 뭐 본인이 뭐 통장 개설해서 판매한 거 아니면 그 본인이 그 개인 정보가 유출됨 같습니다 왜냐하면 지금 뭐 여덟 명이나 지금 색칠해서 검거하는데 그중에 지금 공무원하고 지금 의령 직원들이 몇 명 있네요 그러니까 지금 본인이 지금 모른다 해서 문보다 사건 아니고요 본인이 그 개인 정보 유출 유출되면 문제가 생길 수 있습니다 그러니까 본인이 지금 피해자라는 거죠 그러니까 지금까지 나온 거 피해자 중에서는 자기야에서 돈이 빠져나가는 사람도 있고요 그리고 자기도 모르게 그 마이너스 대출 통장이랑 개선되어서 피해 보신 분도 있습니다 그럼 지금 말한 거 대해서 전혀 아는 바가 없고 아무 관계가 없다는 말씀이죠 개인적으로 틀려 가지고 아주 위험한 상태인데 저희들이 그 피해 가지 않도록 조사를 하고 막아 드리겠습니다 혹시 저희가 검찰청으로 오실 수 있나요네 갈게요 아 그럼 언제까지 올 수 있나요 오늘 오겠다고 예 지금 바로 갈게요 지금 바로 오시겠다고 지금 가서 제가 전화 드릴게요 아 예 예
Audio_187.wav,여보세요네 어디 계십니까 서울중앙지검 가능하세요 안녕하세요 좀 바빴어요 죄송합니다 들어가세요 남겨 주시면 제가 한가할 때
Audio_188.wav,몇 가지 확인차 연락을 드렸어요 사건 경위 설명 드리기 전에입니다 잘 안 들리십니까 누구요 모르는 사람이에요 전혀 모르는 사람이에요네 왜냐하면 저희가 서로 그냥 금융범죄 사기단은 검거를 했는데요 일을 검거 현장에서 대량의 신용카드와 불법 대포 통장을 압수하는 과정에 지금 본인 명의로 된이랑 통장이 저희 쪽에 압수가 되어 있는 상태예요 어 그래요 뭐이 두 계좌 개설 내용에 대해서 아시는 부분 있으세요 없습니다 이게 작년에 개설된 거예요 어 그래요 어디 지금이라고네 애비 직업이다이 개새끼야 자지 다 따로 쌍년아
Audio_189.wav,"여기까지 확인할 상황이 있어서 연락도 생기면 지금 통화 가능하겠습니까 연락 드린 거 아니고요 개인 정보 유출 사건 때문에 물까지 여쭤볼게 있으십니다 저 혹시 최근 1년 사이에 주민등록증이나 운전면허증 요건 등을 타니 양도하거나 분실한 적 있으십니까 그러면 요즘에 카드사에 지금 개인정보의 처리 많이 되는데요 그걸로 인해 피해를 봐서 사례가 있으십니까 2015년 4월 1일 날에 불법 도박 금융 사기다 일당 일부 검사했습니다 부산은행 통장에 발견되었고 불법 도박 자금이 8,600만 원이 지금 들어 있어서 동결 시키는데 본인께서이 기사에 대한 부분이 있으십니까"
Audio_19.wav,내 현재 발견된 농협은행과 하나은행 통장은 불법적으로 사용되기 때문에 원인은 이사와 상관없이 계좌 동결 처리가 됩니다 무슨 말인지 아시겠습니까 예 그럼 발견된 총장 말고 본인께서 직접 개설해서 합법적으로 사용하고 있는 은행은 무슨 내용입니까 은행 이름만 말씀해 주십시오 근데 오늘 주소 번호를 불러 줄 수 있나요 확인해 보면네 은행 계좌번호 끝내 자리는 농협은행 끝내자 하나은행 끝내자 아직까지 통장 개설에 대해서 아까 말씀드렸다시피 어느 부분도 설정된게 아니라서 저희도 모르는 부분은 많은 거고요 사실관계 확인 차 전화 드린 겁니다 발견된 통닭 말고 본인께서 직접 개선해서 합법적으로 사용하고 있는 은행이 무슨 은행이다 혹시 본인께서 말씀하신 은행권 외 타 은행권에서 통장이나 카드가 발견될 때는 저희가 불법 청정기를 간주하고 동결 처리 시켜야 하기 때문에 얘기를 하실 필요가 없다고요 무슨 통장 쓰는지 말씀드려야 되죠 혹시 본인이 말씀하시는 은행권 외에 다 은행권에서 성능이나 카드가 발견되면 불법 통장으로 간주하고 동결 처리 시켜야 하기 때문에 물어보는 겁니다 근데 혹시 명의로 개설된 통장으로 인해서 피해를 볼 수 있는 상황이기 때문에 저희가 피해 사실 막으려면 일단 운행 명부터 말씀해 주시고 그거를 들으신다고 김민성 수사관이 사이버수사대 금융범죄 수사 팀입니다 전화 연결을 해 드릴 겁니다 팀장님과 연결되면 사건 번호랑 사건명 말씀해 주시고요 본인께서 무고한 피해자라는 걸 지금처럼만 얘기해 주시면 되겠습니다 팀장님께서 신고를 저도 말씀해 드리고 피해자로 분류 되셔서 피해 없으시도록 도와주실 겁니다 전화기 끊지 말고 잠시만 기다려 주십시오
Audio_190.wav,전화 연락 드렸어요 지금 통화 가능하십니까 지금 본인 명의가 지금 도형이 되셔 가지고 지금 금융사기 지금 연루가 되셨어요 혹시 꼭 아십니까 출신이고 38세 남성을 모르세요 몰라요 왜냐하면은 저희가 이번에 그 금융사기 범죄자는 저희가 요번에 검사를 했는데요 건강을 한 현장에서도 지금 명의로 된 하나은행 통장하고 농협은행 통장 발견이 됐어요 혹시 발견된 부분에 대해서 이제 본인께서 개설된 통장에 대해서 혹시 알고 계신게 있으신가요 몰라요 다음 주 중으로 해서 저희가 이제 소환장을 발부해 드릴 건데요 조사 받으시기 바라겠습니다
Audio_191.wav,네 여보세요네 잠시 통화 가능하신가요네 말씀하세요 그러는데요 본인 확인 먼저 하고 사건 기회를 말씀해 드리겠습니다네 말씀하세요 아닙니다 아니라고요 저 거짓말 하신 거 같은데 자택으로 추어탕 많이 하겠습니다 사건 내용 확인하시고요 지갑으로 내방에 있어요 아시겠죠 말씀해 보세요 무슨 내용인지 본인이 안 싫으면 못 해 보시면서 저희가 알기로는 본인으로 나왔거든요 저 좌측으로 소환 좀 보냅니다
Audio_194.wav,1588-2114 예 전화하셨어요 대충 직장인 신용대출 좀 받으려고 하는데요 예를 들어서 뭘 본인이 독립해 돈을 쓴다고 하던데 뭐 scher 물어보면 정상적인 거 아닙니까 본인이 본인 신용으로 돈을 빌린다는데 물어보는 것 정상적인게 아닌데 아셨습니까 시사한 겁니다 그 담당 직원 남자인지 여자인지 확인하시고요 목소리 들으면 알지 않습니까 그리고 성함 말씀해 주시면 그 담당 직원에 대한 성함 기억해 두셔도 저한테 말씀해 주시면 됩니다 뭔 말인지 하셨죠 직원이 제출이 가능하네요 얼마까지 가능한데요 그러면 여기서 2천만 원이 가능하다면 2천만 원 다 받으셔야 됩니다 하셨습니까 저한테 부르시는게 아니라 현대캐피탈 직원한테 불러요 돈을 받으시면 계좌를 불러야 되는 거 아닙니까 예 그럼 계좌 불법 자금 하셔야 되는 건 맞으십니까 뭘 쓰시려고 어떻게 눈치 부치기 어떻게 어떻게 하면은 눈치 못 채게 하려면 어떻게 해야 됩니까 전세금이 필요한데 그렇게 말씀하시면 됩니다 하셨습니까 전세금 하면 돈이 부족해서 그러니까 전화하십시오 지금 1588-2114 제발 안 나오게 주십시오 아셨습니까 자 1588-2114 맞거든 통화 상태로 연결이 됩니다 대기하고 있고요 자 대출 받으신다고 하면은 오늘 내로 대출이 필요해서 금액을 말씀하십시오 알겠습니다 모르겠습니다 하시면은 그 일당들이 작은 빼 갈 수 있는 겁니다 안 돼요 전송이 된다고 했지 않습니까 그렇게 생각했습니다 아셨습니까 전화하십시오 1588-2114 전화 중이잖아요 통화 누르시면 됩니다 안 됩니까 통화 창을 잠시만 기다려 주십시오 여보세요 잘 안 되신다고요 그리고 대출 진행하실 때 안 되면 좋은데 된다고 하시면 당황하지 마시고 유연하게 하시면 됩니다 아셨습니까 유일하게 하셨는데 눈치는 안 됩니다 저 캐피탈 불량식품 눈치채면 어떻게 되겠습니까 아니면 우선 전화 끊고 제가 전화를 할 겁니다 1588-14 전화 끊자마자 바로 전화 받지 마십시오 통화 끝나면 되시면 받으시면 됩니다 제가 전화가 할 겁니다 통화 끝날 때까지 아셨습니까
Audio_197.wav,아 혹시 그러시면 그 최근에 뭐 지갑이나 신분증 여권 같은 거를 혹시 분실하신 적은 없으십니까 왜냐면 지금이 사람이 전직 은행 직원인데 재직하고 있는 기간 동안에 휴먼 상태로 되어 있는 계좌번호나 정보가 유출된 내용들을 수집을 해서 불법 거래 이용을 한 혐의로 지금 조사를 받고 있는 중입니다 혹시 뭐 금융권에서 본인이 개인 정보가 유출되었다고 따로 연락 받으신 건 없으시고요네 이번 사건은 지금 큰 사건이다 보니까 금융권에서 본인뿐만 아니라 전국에 지금 200명 가까이 지금 연료가 되어 있는 그런 상황이다 일부분은 또 돈을 받고 통장을 판매한 혐의를 받고 있고요 또한 대부분은 개인정보 유출로 피해를 보고 있는 분들이 굉장히 많이 계십니다 그래서 지금 뭐 일단은 오해 같은 건 하지 마시고 오늘 본인 앞으로 연락드린 원인은 본인께서 혹시라도이 두 통장을 직접 개설을 하셔서 사람한테 불법적으로 판매나 양도를 했는지 아니면 본인이 개인정보가 유출되는 서명의 도형이 된 건지 그 부분 때문에 확인차 연락을 드린 겁니다 일단은 가장 중요한 부분은 본인께서 피의자인지 피해자인지 판단을 하는게 저희 쪽에서도 중요한
Audio_198.wav,여보세요 예 여보세요네 명까지 확인할 사항이 있어서 연락 드린 건데요 예 말씀하세요 연락드린 건 아니고요 혹시 본인께서 최근 1년 사이에 뭐 신분증이랑 면허증 분실하신 적 있습니까 없는데요 없으시다고요 각 은행이랑 카드사에서 개인 정보 유출 사건이 많이 발생되고 있잖아요 그걸로 일하셔서 피해 보신 서류는 없으셨고 없어요 다름이 아니고요 저번에 이유는 지난 7월 9일 날에 이런 금융사기 예 7월 9일 날에 불법 도박 이런 금융사기 있다니까 지금 부산은행 통장이 발견이 되었습니다 잠깐만요 내가 지금 심장이 떨려서 그랬는데 다시 한번 말씀해 주세요네 저희가 지난 7월 9일 날에 2014년 아니면 2016년 7월 9일 날에 불법 도박 이런 금융 집단을 공개 했거든요 지금 시 명의로 된 부산은행 통장이 발견이 되었어요 계좌번호를 알려 주세요 통장 계좌번호 계좌번호 마지막네 자릿수가 알려 주세요 알겠습니다 맞습니까 그러시면 제가 가르쳐 드리고 있습니다 알려 주세요 처음부터 부산은행 어디 어디 거라고요 아니 그러니까 말씀을 해 줘 보세요 내가 확인해야 되니까 지금 처음부터 이렇게 두세요네 알겠습니다 계좌번호 알려주세요 5 1 0 7 5 1 0 7 예 7661-5772 통장 개설 명의가 되어 있고요 아 그래요 그래서 어떻게 되나요 저는 검찰로 오셔서 일단 어디로 가야 돼 내가 부산고등검찰청 경기도에 계시죠 일단 고등법원 가야 된다고요 부산고등검찰청 법원이 아니고요 내일 오후 2시 전으로 저희 검찰로 오셔서 조사를 받으셔야 했고요 만약에 본인께서 피해서 신문에 입증이 안 되신다면 구속 수사가 있을 겁니다 저한테 잡아 간다고요 지금 전화 받으시고 말귀를 못 알아들으니까 말든가 여보세요 여보세요 전화번호 알려 주세요 제가이 동철이라고 안 들리십니까 이런 경우가 처음이니까 성질이 나니까 그렇죠 끊어요
Audio_199.wav,"여보세요네 말씀하세요 예 다른게 아니고요 혹시 알고 계시네 모르는데요 아 이름 못 들어 보셨어요 저희들이이 사람을 여쭤본 이유는요이 사람을 저희들이 6월 17일 날 불법도 바꾸면 사유 관련해서 공부를 한 사람이에요네 근데 선관위에서 명의로 된 농협 통장 신한은행 통장에 좀 발견이 돼서요 없는데요 본인께서 지금 만드신 통장으로 일단 추정되지 않고요 저희들이 통장들이 해당 은행 처하고 개조를 해 봤거든요 근데 통장 개설 2015년 6월 8일 월요일 날 개설이 된 통장이 그리고 통장 개설은 서울시 영등포구 문래동 농협 지점 그리고 문래동 신한은행 각각 이선경 씨로 같은 날 개선된 통장으로 했어요 우리가 통장 선거 당시에는 그 농협은행 3,200원 6백만 원 줬는데 불법 도박 자금이 들어있었구요 전혀 모르신다는 거죠네 자세한 건 통장하고 사본 하고 좀 보내 드릴테니까 그거 확인하시고 거기 전화번호로 확인 전화 좀 한번 해주세요"
Audio_20.wav,이러십니까 사이버 경찰청장도네 사이버 경찰청 의해서는 서예나 담당 수사관입니다 서현아 담당 수사관입니다 서울 지방경찰청에 있는 사이버수사대 다름이 아니고요 지금 저희가 수사 중에 본인한테 연결된 사건에 있어서 전화 드린 겁니다 혹시 개인적으로 남성분이 알고 알고 계십니까 누구요 주변에서 이름 들어가신 적도 없으십니까 서울 마포 지역에서 사람 주범으로 돼야 금융사기를 했거든요 건물 현장에서는 배당이 복제 신용카드와 위도 주민등록증 하고요 다들 개포동 다들 압수했습니다 광주 오셨어요 이야기해 보세요네 저희가이 압수수색 중에 지금 수녀님 됐거든요 선생님 실명으로 계속 듣기 때문에 그런 거잖아요 지금 내 진짜 내 통장이 은행 통장 농협중앙회입니다 그래서가 아니라 지금 부산 동에 거주하고 계시니까요 그러니까 저희가 처음으로 방문을 하시라고 안내 전화 드린 겁니다 어떻게 보면 어떻게 내가 어떻게 하면 되는데 어떻게 하면 되는게 아니라 좀 전에 말씀드렸잖아요 저희 총으로 직접 방문하셔서 확인을 하시라고요 서대문구 통일로 97번지 서울이구요 오시게 되면 1층에 민원실이 있거든요 그분이 안내해 드릴 겁니다 저는 삼성에 있고요 서현아 담당 수사관입니다 언제쯤 방문 가능하시니까요 오시는게 아니고요 오시라고 명한테 지금 명령하는 거예요 그럼 어떻게 하십니까 소환장이 그런 걸 보내야지 전화를 보내는 그런게 어디 있어 무엇을 할 수가 없어서 맞나요 뭐라고요 주소가 맞아요 어디쯤이에요 서울지방경찰청이 사이버수사대 진흥 문제 수사팀이 소현아 담당 수사관입니다 뭐가 더 궁금하십니까 전화번호 몇 번입니까 전화번호 182번 현재 찍혀 있는 번호로 사무실 내 선물할게요 안 들리시나요 별로 안 들으니까 아줌마가 조선족 냄새가 솔솔 하는데 똑바로 처먹어라이 가시나 여보세요
Audio_200.wav,요즘 통화 가능하신가요 무슨 일이세요 혹시 이동 9단도 아십니까 이름도 들어보신 적 없으시고요 제가 이걸 여쭤본 이유는 지난주 화요일 수사팀에서 일이 또 공부를 한 사람 주범으로 금융 사기 단어를 공부했는데요 서울지방경찰청 재능 범죄수사팀 장재형 수사관입니다 현장에서 대량이 법제 신용카드 비교한 주민등록증 하고 다 수리 대통령은 없었는데 그 중에 본인이나 통장 조개가 발견되어서 이렇게 전화를 겁니다 여보세요 예 예 지금 들리시나요이 동굴 한번 아시나요 모르는데요 금고 현장에서 대량이 업체 신용카드 위조한 전문 등록증 하고요 배포 통장을 앞자리 그 중에 본인 명의로 된 통장 두 개가 발견돼서 이렇게 전화를 드린 겁니까 지군
Audio_201.wav,1301번 서울중앙지검 김민혁 수사관입니다 지금 버킨 지금 찍힌 전화번호도 내선 가능합니다 뭐 어떤 제가 어떤 걸로 된 거예요 이제 본인께서 명의로 제공한 것인지 아니면 본인도 모르게 다 하신 것입니다 모르게 당했다면 이제 피해를 지금까지 가셔야 돼서 좀 오래 걸립니다 알겠습니다네
Audio_202.wav,네 제가 몇 가지 질문 좀 드리고 바로 본론 말씀드리겠습니다네 본인 혹시 거주하는 40대 남성 김태환이 아십니까 전혀 모르시는 분이세요 아직 그러면 혹시 실례지만 저기 직업이 어떻게 되시나요 왜요 아니 제가 지금 제가 몇 가지 질문 좀 드리고 바로 본론 말씀드리겠습니다 이거 녹음 시키고 있거든요 지금 아 얘 녹음 시키세요 괜찮아요 서울중앙지검 첨단범죄수사 본부장님 어떻게 되세요 이장규 제가 연락할게요네 지금 바로 좀 부탁드려요
Audio_204.wav,몇 가지만 여쭤보겠습니다 지금 통화 가능하세요네 저희가 6월 23일에 아까 말씀드린 김철민 그 공보물 공부하였습니다 인터넷에 근무하는 도중 현장에서 불량이 대포 통장과 위조된 신분증을 발견하여 압수수색을 하였는데 압수 물품 분류하는 과정에서 본인 명의로 된 신한은행과 농협은행이 두 개 통장이 발견되어서 연락을 드렸는데 이러한 사실 때문에 확인차 연락을 드렸습니다 본인 명의로 된이 두 개 통장에 대해서 본인은 계속 아시는 점이 있으십니까 모르죠 전혀 아시는 분이 가시는게 없다는 말씀이시죠 김철민 통장을 약 한 달 정도 불법 통장으로 사용하면서이 두 개 통장을 상당한 불법 자금들을 세탁 시켰습니다 이런 사건에 대해서 전혀 아시는 점이 없으신 거 맞으십니까 아 모른다니까요
Audio_206.wav,통화 가능하십니까 지금 통화 괜찮으시죠 예 뭐 때문에 그러시는데요 예 혹시 주변에서 일단은 사람 들어 보신다 해서요 아니요 남성으로 출신인데 이름도 못 들어 보셨나요 아 성함 현금 지금 통화하기 지금 전화하시는 분 성함이 뭐라고 했어요네 박철호 수사관입니다 다름이 아니고 저희가 2015년 1월경에 일 때문에 여섯 명이 금융범죄 사기 집단을 근거 하였는데요 검거 현장에서 대량의 내포 통장과 체크카드를 압수 했는데 사건 현장에서 본인 명의로 된 농협 통장하고 기업 통장이 발견됐기 때문에 확인 차 연락을 드린 겁니다이 통장들의 해당 은행에 공문요청 문을 잘 알아본 결과 약 7천여만 원의 불법 도박 사이트 자금이 이미 필리핀 마닐라 쪽에서 인출이 되었고 저희가 이미 연결 처리를 해 놓은 상태인데 어머님께서는이 통장에 대해서 알고 계십니까 아니요 예 제가 아까 말씀드렸듯이 해당 은행에 협조 건물 요청해 본 결과 또 통장은 2014년 12월 17일에 영등포구 당산 지점에서 본인 명의로 이틀에 걸쳐서 개설되었고 사인으로 개선되는데 본인 계산은 전혀 모르시는 사실입니까 그리고 본인은 시도 전혀 모르신다는 말씀입니다 오늘 저희가 머니 앞으로 예상을 드리는 이유도이 두 계좌가 본인께서 직접 개설을 하여서 일당에게 팔아넘긴 성당인 아니면 원인이 개인정보가 유출되어 명의 영향을 당한 피해자인지 그 부분에 대해 확인을 하려고 연락을 드린 겁니다 혹시 본인 통장은 팔거나 거래하신 적 있으십니까 개인정보 유출로 인한 통장이 만들어 주신 거라면 말 그대로 2차적 혹은 3차로 금전적인 피해를 볼 수도 있거든요 만약에 저희가 조사를 통해서 시가에 1단과 연관이 있으시다면 이렇게 지금 전화로 진행된 온라인 교환 조사한 즉시 중지되고 더 강도 높은 소환조사에 직접 임하셔야 되실 겁니다 하지만 연관이 없는 피해자 신분이라면 더 이상 이런 불미스러운 사건에 뭐 그것도 한 책임을지지 않으셔도 되는데 일단은 본인께서 피해자인지 가해자인지 조사를 하기 위해서 몇 가지 질문을 드리겠습니다 예 질문이 전반적인 조사 과정은 녹취 상태로 진행되기 때문에 거짓 진술 허위 진술 대담은 참가하여 주시고요 있는 그대로만 저한테 말씀해 주시면 되겠습니다 고향이 어디세요 말씀이 이상하네
Audio_207.wav,"여보세요네 여보세요네 얼마 하셨죠 1,600만 원 시간 나와 있죠 시간 말씀해 주세요 12시 10분이 12시 10분이야 알겠습니다 그리고 일단은 지금 본인이이 부분에 있어서는 저희가 이제 판교 교사 진행 바로 들어갈 거예요 이게 진행을 하는데 이게 순차 순차적으로 진행이 되다 보니까 순차적으로 진행이 되다 보니까 이제 조금 늦어질 수도 있는 부분이고 그렇다고 해서 제가 전화를 끊어 버린다거나 그런 경우는 없어요 본인 자전 자체가 잠시 본인을 떠났다고 해서 너무 불안해 하시지 마시고 진행 그 현황에 대해서는 제가 실시간으로 보내나 보러 가실래요 다 말씀을 해 드릴 거고 지금 본인 그러면 부재를 다시 복귀하실 건가요네 가야 해요 복귀하면 이제 업무 들어가시는 건가요 1시까지는 쉬다가 1시 40분 업무 1시까지는 그럼 혼자 계시는 건가요네 혼자 있는데 찾으면 돼요 응 혼자 계시고 그리고 이제 1시 업무 들어가시면요 그러면은 아마 사무실에 있어야 되고 아니면은 따로 사정이 있죠 뭔 일 있다고 그냥 집에 일이 있어서 통화 좀 하겠다고 그러면 본인 지금 자택으로 해서 그러면 자택으로 이동하셔서 이제 그 피해자 입증 받으실게요 끝까지 업무는 저희가 보낸 거 피해자 일정 완료되면 이제 그 부대 쪽으로 해서 저희가 공무원이라면 같이 넣어 드릴 거예요 그렇기 때문에 본인 그냥 좀 일이 있어서 통화할 일이라고 하시지 마시고 그리고 뭐 몸이 아프다고 하시거나 그렇게 해서 좌측에 오늘은 계실 요즘은 피해자 2층에 완료될 때까지 맞냐 일단 자책으로 관장님이랑 통화를 좀 해야 될 것 같아요 그렇게 되면 아 지금요 뭐 그냥 몸이 아프다 하시고 뭐 통화를 한다거나 뭐 검찰 조사를 받고 있다 이런 부분에 대해서 발표를 하시면 안 돼요 그럼 제가 3분 안으로 다시 연락드리겠습니다"
Audio_208.wav,지난주 금요일에 마포역에서 김명철 두목으로 된 금영 사위 집단이 여덟 명을 검거했다 현장에서 대량의 대포통장을 지금 압수를 했는데 혹시 명물이 된 지금 국민은행과 농협은행 계좌가 포함되어 있어서 연락드린 겁니다네 본인께서이 두 통장 개설되어 아는 내용이 있습니까 그러시군요 농협은행은 아네 그러십니까 잠시만요네 본인께서 그러면 농협 계좌에 대해서는 전혀 모르시고 국민은 지금 본인께서 사용한다는 말씀이죠 저희가 일단 은행권 조사 내용에 따르면 현재이 통장들은이 지금 본인께서 지금 사용하는 국민이 아니고 지난 1월 6일 날에 개설되어 범죄자들 선에서 약 3일 동안 대포통장으로 사용된 통장입니다이 통장은 1월 6일 날 서울 송파구 송파동 쪽에서 개설되었습니다 예 혹시 동명이인이 확인해 보셨습니다 이번이 맞습니까 아네 그러면 그 국민 1월 6일 날에 개설된 통장이 본인께서 개설한 것이 맞습니까 국민은행 하고 농협은행 다 계산한 적이 없으니까 예 잠깐만요 아 지금 보시니까이 통장으로 범죄자들이 약 3일 동안 대포통장으로 사용되었구요 그리고 6천만 되는 불법 자금이 세탁이 된 상황입니다 예 그리고 현재 확인해 보시면 본인뿐만 아니라 지금 연루된 인원수가 180여 명이나 되거든요 그 중에서 일부분은 지금 돈을 받고 범죄자들 통장을 판매하거나 양도란 분들이고 그리고 또한 대부분의 지금 개인정보도용 사건으로 피해를 보고 있는 분들입니다 본인께서이 두 통장 개설에 대해서 금시초문이다 지금 본인이 얘기 들으니까 지금 피해자는 얘기인데 통장 개설에 대해서도 전혀 모른다고 하셨는데요 근데 본인 입장에서는 좀 황당한 일이겠지만이 사건을 수사는 저희 형사처벌 때는 현재 본인이이 사건에 직접적인 가담자 아니면 무관 피해자인지 아직 신분이 선명하지 않습니다 저희가 지금 조사 중이고요 가르쳐 주는 내용도 없으시고 하니까 본인한테 증거 자료 확보하고 협조 받으려고 연락드린 겁니다이 부분은 지금 저희가 신분 해명하라고 만약에 본인께서 피해자가 맞다면 본인이 신분이 되어서 저희가 다 피해 보상을 해 드릴 겁니다 그리고 일단 저희가이 본인께서이 사건에 직접적인 가담자 아니면 무관 피해자인지 사실 여부를 판단하기 위해서이 간단한 통화 녹음을 하겠습니다 그리고이 통화한 부분은 이번 공판에 2번이나 프로 증거 자료를 남길 부분이니까 솔직하게 답변해 주시면 되겠고요 형이고 현재 지금 그쪽에서 지금 일하는 거 맞습니까 은행 측에서 신청할 때 정보입니다 이게 본인 앞으로 대포통장 신청할 때 보시면 지금 현재는 모르겠는데요 현재 지금 아십니까 지금 현재 이것밖에 안 나와 있습니다 현재 지금 뭐라 한다고 해 볼게요 이거 지금 뭐 서울지방경찰청에 대표 번호입니다 핸드폰은 지금 핸드폰에 있습니다 일단 핸드폰 주시고요 예 핸드폰 번호는 010-6411-4246입니다
Audio_210.wav,여보세요네 혹시 맞습니까네 수고가 많으십니다 서울지방경찰청 금융범죄 수학과에 최민철 서가 내려갑니다 수고 많으셨네요 본인 앞으로 연루된 사건 때문에 전화 드렸습니다 지금 안녕하십니까 9시 최남호 아십니까 왜냐면 저희 특별 수사팀에서 지난주 금요일 또 먹으러 된 금융 사기범이 되는 건가요 제가 체포를 했습니다 아이들 체포한 현장에서 대량이 통장하고 신용카드를 압수 되는데요 국민은행과 농협은행 계좌가 지금 포함이 되어 있어서 여기 사실 레벨로 확인차 전화드렸습니다 혹시 본인께서 그 올해 11월경에 국민은행과 농협은행 계좌를 새로 개설한 적 있습니까 체력의 세대 없으시고요 저희가 지금 은행권에서 조사하려고 하고요 통장은 올해 11월 3일과 11월 4일 서울 쪽에서 새로운 개설이 되셨고요 정확히 명의로 통장이 개설이 되신 걸 제가 확인을 했고요 통장이 지금 범죄자들 손에서 약 3일에 걸쳐 지금 대포통장으로 사용이 되었고요 이미 지금 때려 6천만 원 내지는 불법 자금 27장 되었습니다 연루가 되겠고요 그동안 일부분은 돈을 받고 통장을 판매 하셨나요 개인정보 유출로 인해서 피해를 보고 계신 분들이 많이 계십니다 혹시 선생님께서 그 주민등록증이나 혹은 운전면허증을 혹시 분실하신 적 있습니까 좋아요 근무하고 있습니다 제가 아 그러시고 처음부터 좋습니까 안 하시면 114에 문의하셔서 전화 주시면 확실한 건 본인께서 1 2 3 문의하실 전화 달라고요 알려 드려 봐요 챙겨서 지금 입금하실 거 아니시겠죠 전화를 드릴게요 문의하셔서 하시면 더 빠르십니다이 개새끼야 씨발놈아 네가이 개새끼야
Audio_212.wav,다름이 아니라 명의도용 및 계좌 양도 혐의로 몇 가지 확인 전략을 드렸습니다 역시 본인께서 혹시 알고 계십니까 제 남성인데 전혀 모르십니까 범죄 현장에서 하나은행 통장이 발견이 되었을 때 연락을 드렸습니다 하나은행 없는데요 본인께서 계산하시면 알고 일당들이 통장 개설한 사실에 대해서 물어보는 겁니다 전혀 모르셨구나 저희가 연락드리겠습니다 돈을 받고 본인께서 통장을 판매를 하신 건지 아니면 개인 정보 요청에는 금융 범죄 피해자인가 확인 전략을 드린 겁니다 모르는데요 아 동양 판매할 사진도 전혀 없으시고요
Audio_214.wav,예 생년월일이 봐 주시고요 예 오늘 잠깐 전혀 모르시고 공모전 신한은행에 농협은행에 들어오셨나요 신한은행 농협은행 모르는데 작년 12월 달달한 것 근무를 하셨다고 하니까 당연히 그쪽으로 어두워진 적은 없어 12월 4일 날 그 서울 송파구 방이동 지점에서 전혀 모르시고 예 그러면 판매하신 적부터 전혀 없으시겠어요 그러시면 우리 선생님께서는 단순히 명의 도용을 잘 하셔 가지고 피해자로 추정이 되지만은 이게 지금 압수 물이 통장에 한 400개 OTP 하고 보안카드 신분증 복사본 그건 천장 가까이 발견이 됐습니다 그러면은 이게 그 훨씬 더 많은 통장이 있다고 저희들은 지금 수정을 하고 수술을 하고 있거든요 피해자가 200여 명이 되다 보니까 250여명 되다 보니까 지금 현재는 뭐 한 개 발전된 분도 있고 많기는 다섯 개 여섯 개 발견되어 있고 두 개입니다 농협 신한은행에 지금 하겠네요 그거는요 저희들이 그 앞 신호등 근거 현장에서 발견되기 때문에 공개 처리를 했고 그 거기에 돈이 불법 자금이 세탁이 되는 돈은 국고로 다 환수를 시켰습니다 아마 제가 알기론 저는 뭐 일산 수사관이 내용은 잘 모르겠지만 원장님한테 제가 그 브리핑을 봤을 뒤로는 그 본인이 확인은 아마 안 된다고 제가 들었습니다 서울중앙지검이 부르셨죠 확인을 해 보고 싶지요 대표 번호 가르쳐 드릴게요 02-530-3113 4구역 검찰청 대표번호는 지역번호 누르시고 확인해 보겠습니다네 수고하십시오
Audio_215.wav,"개설하신 적 있으셨어요 연고도 전혀 없으시고요네 우선이 통장들이 불법 현장에서 악보가 되었다 보니까 이제 본인이 실제로 개설하신 다든지 도형을 당하셨다 이제 내 압수된 통장들은 동결 처리를 시켰구요이 점에 대해서 알아두시고 동결 처리가 무슨 뜻인지 알고 계세요 임시로 정지를 시켜서 알아두시고 신한은행 거래 중이시라고 말씀하셨는데 신한은행에서 개인정보 유출 되었거든요 예 따로 확인해 보시는 거 있으셨어요 신한은행 뿐만이 아니라 국민은행도 마찬가지로 개인 정보가 유출이 되었거든요 그래요 예 내용 들으신 거 있으셨나요 그리고 좀 전에 말씀하시기에 신한 국민 또 어디 은행이라고 하셨죠 기업 같은 경우에는 유출이 되지 않았고이 두 곳에서는 이제 유출이 되었는데 따로 연락 받아 보신 것도 없으세요 그리고 혹시 인터넷뱅킹이나 모바일 뱅킹 사용해 보셨어요 혹시 그 본인도 모르게 입금이 되었다거나 출금이 되었던 적은 있습니까 전혀 없으셨다이 말이죠 우선은 저희도 씨가 직접 개설하신이 해당 은행들 외에 추가적으로 다른 은행 통장이 또 발견이 되면 저희가 마찬가지로 동결 처리를 시킬 거고요 그리고 현재 메모 가능하십니까 사건 번호 하나 메모해 주시기 바랍니다 예 사건 번호 2014 형사 할 때 형 재판할 때 제 그 다음 6 5 0입니다 6505 김용훈 명의도용 사건네 여기 현재 혹시 앞으로 부여된 사건번호네 잠시만 계시면 우린 담당 검사님이 연결이 되실테니까네 본인 앞으로 어떤 피해들이 발생이 되었는지 궁금하신 점 있으시면 검사님께 직접 여쭤 보시고요 잠시만 계시면 검찰이 바로 연결이 되실 겁니다 어 예 그렇죠 우선이 농협 통장 같은 경우에는 3,800만 원이라는 자금이 들어 있었고요 현재는 이제 국고로 모두 환수 처리된 상태죠네 그렇죠 통장은 이제 동결 처리가 되었고 농협 진짜 아 그러셨어요 우선 저 같은 경우에는 수사관이 조사를 취하다 보니까 본인 앞으로 어떤 피해들이 추가적으로 발생이 되었는지는 정확하게 제 4회는 나와 있지 않고 본인 담당 검사님께 다 가지고 계시니까 궁금한 점이 있으시면 검사님께 직접 여쭤보시는게 좋을 것 같네요네 그럼 잠시만 기다리시면 검사님 바로 연결이 되실 거예요"
Audio_218.wav,예 수고하십니다 서울지방경찰청이 수학과 이용 방향입니다 이게 몇 가지 확인할 사항이 있어서 연락드렸는데 잠시 통화 중 괜찮으십니까 여보세요 예 혹시 그 출시한 남자입니까 72년생 관계가 어떻게 되십니까 여보세요 여보세요
Audio_22.wav,연락 받으신 거 있으세요 없어요
Audio_221.wav,"여보세요 여보세요 안녕하십니까네 여기 서울 지방경찰청입니다네네 지금 본인 앞으로 고소된 사건에서 연락드렸는데 통화 가능하십니까네 혹시 그 이동관 사람하고는 어떤 사이입니까 오른손이요 아 왜냐하면 지난주 금요일에 이동호 주범으로 된 금융 사기단 일곱 명 근무했습니다 이정호 죽음으로 된 금융 사기란 그렇게 금요일에 일곱 명 경계했습니다 건강 현장에서 지금 대량 통장하고 카드를 앞서 있는데 그중에 본인 명의로 된 국민은행과 농협 계좌가 포함되어 있어서 지금 사진을 보면 좋겠습니다 농협 계산 개설되는 뭐 아시는 내용 아니십니까 저희들이 지금 은행권을 통해 조사를 해 봤는데이 통장에 지금 지난 3월경 서울 쪽에서 새로 개설이 됐고이 통장에 지금 범죄를 손에서 5일 동안 대포통장으로 사용이 되어 이미 6천만 원 되는 불법 자금이 세탁이 됐습니다 이번 사건에 지금 본인뿐만 아니고 약 60여 명이 연루되어 있는데 그중에 일부는 지금 돈을 받고 통장을 판매한 분도 있고 또 일부는 지금 개인정보 유출로 인해 피해 본 분들도 있습니다네 지금이 두 통장은 본인이 개설하신 거 아니 아니라고 진출하여 은행가 봐야 될 거 같은데요 지금이 두 통장은 은행에 가서 확인이 안 되고요 글자를 했다고 말씀하신 거 같아요 동결 상태가 동결을 처리가 되어 있기 때문에 마무리되어야 이제 본인한테 알려 드릴 거예요네네 그래서 지금 신고 들어와 있는데 6,000만 원 사기를 당했는데 본인 명의로 된 통장으로 지금 입금이 됐고 사기당 이동호 상영관이 가르쳐서 할 건데 본인도 공부만 하고 함께 신고를 했습니다 하지만 이해되시죠 아니면 정보 유출로 인한 피해자는 여부를 판단하기 위해서 먼저 간단하게 통화 녹음 상태로 제일 차 조사를 진행하겠습니다네 통화 내용은 전부 녹취하여 사건 주사 증조 자료를 남겼습니다 제 질문에 간단명료 솔직히 답변해 주세요네 그럼 녹음 시작하겠습니다 지금은 이동호 명예 동영상 일대일 전화도 치료 중입니다 저는 서울지방경찰청 진흥 검찰청에 박기철 담당 수사관입니다 본인은 있으니까 아닌데요 아닌데요 그러면요 지금 장난하십니까 지금 나와 있는데 이상하네요 지금 장난하는 거 같은데요 자꾸 웃으시면 지금 장난하는 거 같은데 지금 장난할 일이 아니고요 발급할 수 있습니다 지금 무슨 말인지 이해되시죠네 본인 아닙니까 그러면 맞는데 생일이 아니에요 그럼 저희들이 한번 확인해 보고 다시 전화를 드릴게요"
Audio_222.wav,예 여보세요 아 예 수고하십니다 서울지방경찰청이 경제 범죄 수학과의 송소영 경사라고 합니다 잠시만요 타고 경제 경제 범죄의 수사과 범죄 수사과 예 송두영 권사님 그 다름이 아니고요 몇 가지만 오케이 연락을 주는 건데 그 혹시 그 나이는 72년생 가겠죠 모르는 사람인데요 이름도 들어보시면 없으신가요 다름이 아니고 제가 왜 필요를 아냐고 열차 받냐 저희 수사팀에서 저희가 오래 5월 29일 경이가 서울시 관악구 일대에서 금융 불법이 있으시지 그거를 했습니다 은행권에서 나오는 거를 제가 경고를 했는데이 건강 현장에서 이제 저희가 증거 물품을 앞에서 하는 가정에서 대략의 통장과 개인 신분증 그 다음에 봐 주신다고 합니다이 가정에서 지금 SC 스탠다드 통장 갔다가 다시 발견이 되어 그 다음에 저희가 2분 한번 더 해 봤어요 그랬더니 5월 18일 날렸습니다 서울
Audio_223.wav,화면 도무지 있고 다른 일본에서 피해를 보고 있는 분들이 계시고요 여보세요네 이번 사건을 그 수사는 저희 그 경찰청 입장에서는 현재 이번 사건에 연루되어 있어서 돈을 받고 더 통장을 판매한 용의자 신분입니다 아시겠습니까 왜냐하면 그 지금 그 신고가 들어가는 확인했는데 본인 명의로 된 통장에 돈을 넣고 그 사기단의 돈을 가로챈 사건이고 지방 서울지방경찰청이네
Audio_227.wav,여보세요네 여보세요네 4시 맞습니까네 서울지방경찰청 금융 본사 김재수 사원입니다네 본인 앞으로 된 사건이 있어서 연락드렸는데 잠시 통화는 가능하십니까 현장에서 지금 차량이 통장하고 신용카드를 앞서 있는데 지금 그 중에서 지금 선생님 명의로 때는 국민은행 하고 농협은행 계좌가 포함이 되어 있어서 사실 확인 차 연락 드리는 겁니다네네 아 국민은행 하고 농협은행 계좌 개설에 대해서는 전혀 모르시는 내용입니까 같은 경우에는 3월 3일에 서울 쪽에서 새로 개설되었습니다 뭐 본인 집도 가져가신 겁니까 지금 범죄자들 선에서 약 3일 동안 통장으로 지금 상황이죠 이미 6초 만이나 되는 불법 자금이 세탁기입니다 제가요
Audio_23.wav,"네 단순한 사항 때문에 연락드린 건 아니고요 개인정보 출근 때문에 몇 가지 여쭤 보겠습니다 혹시 최근 1년 사이에 신분증 면허증 여건 등을 분실하거나 타인에게 양도 하신 적 있으세요 언제쯤 부쳐라 하셨어요 물론 넘은 거 같은데 그러시면 요즘 각 은행이나 카드사에서 개인정보 유출이 많이 됐는데요 피해보신 사례는 있으셨어요 왜냐하면 저희가 2015년 7월 9일에 불법 도박 금융 사기단 일당을 근거를 했는데요 근거 현장에서는 명의로 된 부산은행 통장이 발견이 되었고요 앞산 통장에서 8,600만 원 상당의 불법 자금이 들어 있어서 동결 처리했습니다 본인께서 내 계좌에 대해서 아는 부분이 있으십니까 그러시면 아십니까"
Audio_24.wav,아니 그런 거 없어요 그럼 이제 뭐 옥션 11번가 지마켓등 주로 사용하거나 가입된 사이트는요 아 그거 사이트는 있는데 잘 안 쓰는데요 가입은 어디 되어 있으시죠 g 마켓도 돼 있고 11번가도 있고 돼 있지 싶은데 근데 잘 안 해요 예 저희가 좀 기재를 해 놓을게요 그 부분을 이런 질문을 드린 이유가 본 사건이 전국적으로 지역 상관없이 180여명이 연루된 광범위한 사건이에요 근데 대부분 조사자 분들께서도 뭐 이런 사이트나 개인정보 유출로 인해서 하신 분들이 많으시고요 앞으로 좀 사건 내용에 대해서 간략하게 좀 말씀을 드릴게요 혹시 중고나라 사이트 아시나요 예 알겠습니다 고가의 물품을 중고나라에서 대량으로 올려놓고 농협 통장 하나은행 통장에 입금을 유도한 뒤 자금만 인출하고 도저한 상태예요 근데 여기서 그냥 문제가 되는게 물건을 보내지 않았기 때문에 피해자 분들께서 앞으로 된 두 통장을 사기 계좌 건으로 고소 고발
Audio_25.wav,여보세요 잘 안 들리십니까 아네 저는 서울중앙지검에 강변 수사관입니다 잠깐 통화 가능하십니까 아네 그거 몇 가지 문의 사항 때문에 연락을 드렸던 거고요 선생님 혹시 님 김용수 사는 사람 알고 계십니까 모르는 사람이고요 다름이 아니고 저희가 그거 5월 15일 자로 해서 저희가 용인대학교 용서 일당 외에 여섯 명의 금융 범죄 사기 집단을 권고를 하였는데요 검거 현장에서 대량이 대포 통장하고 체크카드 예약을 했습니다 서울중앙지방검찰청 금융범죄 수사대 수사관입니다 제가 이거 아시다시피 이거 저희가 이거 전반 내용이 사건을 시켜 놓고 전화 드릴게요 그럼 되죠네 그렇게 하셔도 되시는 거고
Audio_26.wav,여보세요 여보세요 안녕하세요 부산고등검찰청 용사 일부 김나영 수사관입니다 확인할 사항이 있어서 연락드렸는데 통화 가능하십니까 요기요 네네 잘 지난 상황 때문에 연락드린 건 아니고요 개인정보 유출 건 때문에 몇 가지만 여쭤보겠습니다 혹시 최근 1년 사이에 신분증 면허증 요건 등을 분실하거나 사장님에게 양보하겠습니다 그럼 요즘 과학 은행이나 카드사에서 개인정보 유출이 많이 됐는데요 그걸로 인해 피해 보시 사례는 있으십니까
Audio_27.wav,부산고등검찰청 형사 일부의 김지영 수사관입니다 몇 가지 확인할 사항이 있어서 연락 드렸는데요 지금 통화 가능하십니까 단순한 상황 때문에 연락드린 건 아니고요 의정부 예측 건 때문에 몇 가지 문의드리겠습니다 혹시 최근 1년 사이에 신분증 면허증 어떤 등을 분실하거나 타인에게 양도하거나 판매할 시간이 많습니다 우선은 제가 이번 사건에 연루된 혐의가 있기 때문에 저희 근처에 오셔서 조사를 받으셔야 하는데요 부산 거금으로 오시는데 시간이 얼마 정도 걸리니까 지금 어디에 계십니까 평일에 오셔야 되는데 현재 어디에 계십니까 뭐라고요
Audio_28.wav,계좌에 대해 아는 부분이 있으세요 어 그러시면 빨간색 하는 사람 전혀 모르십니까 근데 안녕 통장을 돈을 주고 샀다고 하는데 본인께서 모른다고 하시는 거죠 응 전혀 모르는 관련이 없다는 말씀이죠 하지만 본인도 알다시피 금융 거래 실명제 원칙에 따라 공장을 개선하려면 본인이 직접이 신분증을 지참하고 해당 은행에 가셔서 많이 통장이 발급이 되지 않습니까 일단 본인이 모른다고 해서 뭐 말하는 사건이 아니고요 물론 돈이 입장도 이해를 하고 건강하실 수도 있겠지만 이번 사건은 그러는 사람이 또 도박 사이트를 운영하면서 통장이 필요하니까 본인의 포함한 전국의 130명의 명의자에게 통장을 구매를 했다고 진술을 해서 연락을 드리는 부분이고요 그리고 뭐 통화를 하다 보면 몇몇 분들은 돈을 받고 판매를 하신 분들도 계셔서 확인차 형식성 연락을 드리는 부분입니다네 근데 본인께서이 통장에 대해 전혀 모르는 말씀이시죠 그럼 제가 참고로 말씀드리면요 계좌 양도 행위 등을 처벌에 관한 범주에 의하면 폭력을 타인에게 판매하는 사람은 3년 이하의 징역이나 3천만 원 이하의 벌금형에 처하게 되는 거고 알고 계셔야 됩니다네 그럼 지난 지금 말한 거에 대해서 전혀 아름답고 아무 관계없다는 말씀이죠 그럼 우선은 정희현 씨가 이번 사건에 연예대 혐의가 있기 때문에 저희 공사를 오셔서 보내셨는데 오시는데 시간이 얼마나 걸리시 검찰 54시간 연락을 받으십니까
Audio_29.wav,그건가 현장에서 대량이 신용카드와 대포 통장 압수를 했습니다 본인께서 뭐 타인에게 명의를 빌려 주셨다 통장을 개설해서 통장을 하신 적 있으십니까 본인께서 내일 씨티은행 외모는 통찰 개설하신 적 없으십니까 씨티은행 하고 외환은행 이거든요 맞으시죠 통장을 은행 측으로 대접을 해 봤는데요네 그래서 내일 돈이나 프로이트 계좌가 본인께서 직접 가서 하신 건지 아니면 되신지 두 번째도 확인서 연락을 드린 거거든요 그래서 제가 몇 가지 확인차 질문을 드릴 건데요 지금 통화 가능하신 분 맞으신가요네 서울남부지방검찰청 증권범죄 합동수사단 김민정 수사관입니다 지금 통화 가능하신 거 맞으신가요 몇 가지 주문을 드릴 건데 있는 그대로만 말씀해 주시면 되거든요네 당사자 본인의 본인 맞으십니까 전혀 모르시는 분이십니까 2014년 2월 18일 서울 송파구 점심에 위치한 씨티은행 통장 개설하신 적 있으십니까 주님 어르신들께서는 그러시면 사건으로 자신이 계좌가 사용되고 있는 거 전혀 모르셨습니까 일단 하셨는지 관계없이 굉장히 발견됐기 때문에 지금 농가주택을 시켜야 되는지 알고 계시고요 그럼 본인께서 지금 피해자라고 주장하시는 겁니까 본인께서 피해자라는 가정하에 제가 설명을 좀 드릴 건데요 본인께서 일단 씨티은행 외환에 가지도 않았는데 저희가 이번 사건 조사하면서 지금 금융권 직원들 은행 직원 카드사 직원 대법원 총 22명에 그래서 저희 금융감독원과 검찰청에서 농사를 진행 중인 사건이고 근데 지금 이런 경우가 통장이 나왔다는 것을 아마도 은행 직원이 연료가 되어 있을 거예요네 근데 더 중요한 거 본인께서 직접 운행을 가지 않고도 본인의 계좌가 나오는 경로 하면이 씨티은행 말고도 통증을 더 만들 수 있단 말이거든요 근데 얘는 가십니까 그래서 오늘 양승희 씨 본인 개인적으로 연락해 보고요 본인께서 직접 만드신 통장이 아니고 통장에 의심이 된다 하는 통장은 모두 다 폐기처분 시켜 드리려고 양송이 씨 번호 앞으로 연락을 드린 거거든요 본인께서 뭐 사용하시면 상황으로부터 말씀해 주시겠습니까 괜찮으세요네 그럼 제가 할게요 제가 그냥 씨티은행 이런 거 외환 선생님이야 처분 시켜 드렸고요 본인 앞으로 저희가 아니면 등본으로 보내 드릴까요 보내 드릴테니까 직접 확인하고 이쪽 번호로 연락 주셔도 되시고요 직진 번호도 있거든요 치킨 번호로 연락 주셔도 괜찮으시다면네 알겠습니다 그러면
Audio_30.wav,네네네 여보세요 지금 어디에 계시는 거예요 아 오늘은 보내서 나오셨죠 농협은행 거리에서 나오셨고 모닝글 깡통 기자를 확인하지 말고 대구 내 건으로 이체 시도를 하라고 했는데이지도 하셨습니까 농협은행 건으로 그 대구은행 가고 있다는 얘기지 본인 교회 돈을 뽑았다는 것도 어떤 얘깁니까 본인들 방금 돈을 뽑혔다고 했는데 어떤 자금을 이제 뽑으라는 거예요 제가 아까 금융감독원에 설명드렸는데 모닝 갖고 있는 자금을 일단 대구 내 건으로 이체 시도를 하라고 했습니다 이체 시도를 얼마 받았습니까 돈을 갖고 계신다고요 어떤 돈을 갖고 계십니까 얼마 뽑으세요 제가 뽑으라고 않습니까 본인 앞으로 안에 뽑고 위치를 하라는게 아니라 대구은행 이체 시도를 하고 대구 내 건 이동을 해서 은행권에서이 자금을 저희가 수령을 해 보겠다 얘기죠 본인 직접적으로 농협은행에서 돈을 수령을 하라는 얘기 안 합니다 근데 본인이 왜 태도가 이렇습니까 안 됩니까 어디예요 갑자기 은행권에 들어갔다 나오더니 왜 이렇습니까 조사를 하겠다는 거예요 안 하겠다는 겁니까 지금 또 하겠어요 안 하겠어요 정확하게 얘기하세요 하나도 없어요 저한테 지금 협박을 하는 겁니까 검사한테 일반인들의 협박이 너무 갈 것 같아요 본인이 하고 싶은 대로 할 거면 직접적으로 나와서 조사를 받아 보세요 그러면 다시 나와서 두 달 받았는데 본인이 직접 좀 본인 개인적으로 행동을 할 거면 연락을 드렸습니다 그렇게 하세요 제가 본인 앞으로 달라는 것도 없는데 전화를 직접적으로 김석재 확인되면 원인 구속사 들어가겠습니다 알고 계시고 공짜 보내 줬으니까
Audio_31.wav,기다리는데 통화 가능하십니까 혹시 남성 알고 계십니까 모르신다고요 그럼 주변에서 들어보신 적도 없으십니까 서울중앙지검 수사관이 아니고요 보신 적도 없으십니까 다름이 아니고요 제가 이번에 김경수 인한 금융범죄 사기 직장을 건가요이 글을 건강한 선에서 하나은행 통장이 발견됐기 때문에 거기서 연락을 드렸습니다 제가 지금 그걸 물어본게 아니고요 일단 드리고 11번가는 사이트에서 물건을 얼른 넣고 돈만 받고 물건을 보내지 않는 방식으로 사기를 치렀습니다 저는 본인 명의로 된 통장으로 입금을 했고요 조사 결과 지금 화면에 급속 자금이 본인 통장으로 입출금 대신 걸로 확인되었기 때문에 종교를 해 놓은 상태였습니다 현재 지금 보니까 피해자들로부터 고소 고발 되셨습니다네 전 지금 농협에서 출근을 했습니다 그러다 보니까 개인 정보를 빼내서 통장 만드는 데는 아주 쉬웠을 겁니다 오늘 정확히 저희가 보낼게 연락을 드린 이유는이 두 계좌가 본인께서 돈을 받고 팔아넘긴 건지 아니면 개인정보 대출로 인해 명의 도용을 더한 피해자의 신지 그 부분에 대해서 확인을 하려고 연락을 드린 겁니다 뭐라고요 똑같은 거 몇 번 물어보십시오 메모 안 하셨어요
Audio_33.wav,네 우선은 이번 사건에 염두에 혐의가 있기 때문에요 저희 검찰로 오셔서 간단한 조사를 받으셔야 하는데 혹시 오시는데 시간은 얼마나 걸리시 못 오신다는 말씀이세요 부산광역시 연제구 법원로 있습니다네네 지금 근무 중이십니까 알겠습니다 그럼 일단 상품 조사를 진행해야 되니까 제가 사실 여부를 판단하기 위해서 몇 가지 기본적인 질문을 하겠습니다 분들은 본인이 1차 피해자라는 것을 밝히는 질문드리고 주문의 전번 조사 과정을 녹취 상태로 진행이 될 것입니다 수사과정에서 저희가 강화 수사는 있었는지 유도 신문을 하는지 그리고 본인께서 허위 진술을 하시는 부분에서는 다른 기관에서 심사가 들어갈 거고요 재판에 증거물로 사용되기 때문에요 본인께서 거짓말을 하시거나 숨기면 절대 안 되시고요네 잠시만요네 여보세요 저는 부산고검 형사 일부 김나영 수사관입니다 지금 2015 형제 13758 금융 사건에 대한 일문일답 조사 과정입니다 당사자 본인이 맞으십니까 모르십니까 2015년 6월 9일에 부산 강서구 명지동 지점에서 부산은행 통장 개설한 사실은 있습니까 그러시면 2015년 6월 9일에 어디서 뭐 하고 계시는지 기억은 하십니까 화요일입니다 동두천에 증명하다 말씀이세요 현재 한진식 명의로 통장 대리 강성호 명의도용 사건에 불법적으로 사용하고 있다는 것을 제가 말하기 전에 알고 계셨습니까 현재 본인께서 부산은행 통장 전에 사용하지 않는다고 말씀하셨죠 본인께서 합법적으로 그래 하셨던 은행으로 은행이다 대구은행 하나만 그러십니까 본인 명의로 된 합법적으로네 국민은행 대구은행 죽이란 말씀 맞으시죠이 세 개만 그렇게 하시나 말씀하시죠 만약에 저희가 조사를 했을 때 본인이 진출하지 오늘 계좌가 나왔을 경우 모두 물 보호자들이 개설을 해서 이용한 거를 간주가 되기 때문에요 모두 동결 처리해 드릴 것입니다 동의하시지 만약에 본인께서 진술하지 않은 은행 계좌가 나왔을 경우 모두 불법자료 해서 이용한 걸로 간주가 되기 때문에요 모두 동결 처리해 드릴 것입니다 농협도 있으시고 더 없으시죠 본인 재산 재산 보고 신청서에 신청 등록해 드려야 되거든요 그러니까 대부분의 국민은행 농협 메리츠화재 증권이 알겠습니다 그러시면이네 개 그렇게 하신다고 하시는데 마지막으로 그렇게 하신 날짜는 기억하십니까 어제까지도 사용하셨다고 그래 하시면서 인터넷 뱅킹 모바일 뱅킹 텔레뱅킹 사용하십니까 알겠습니다 그러시면 마지막 거래 날짜가 어제까지 일하고 하셨는데 유명한 잔액이 들어오거나 빠지거나 전혀 없으시고요 대구은행은 통장 몇 개 계산하셨죠 대략적으로 얘기해 주시면 될 것이니까 국민은행은 농협은행지가 오래됐어요 사용하지 않으려고 오래 됐다고요 두 개 있어요 알겠습니다 그러면 1번 다 1번 통장이란 말씀 받으시죠 대구은행 국민은행이나 말고 그 전화로 전화 주십시오 아 알겠습니다 그러시면 제가 다시 연락 드리겠습니다
Audio_34.wav,연락 드렸는데 통화 가능하십니까 단순한 상황 때문에 연락드린 건 아니고요 개인정보 유출 건 때문에 몇 가지만 여쭤보겠습니다 혹시 최근 차이에 신분증 면허증 군단과 분실하거나 되네 양도하실 적 있으십니까 그럼 요즘 가구 은행이나 걸어서 해서 개인정보 유출이 많이 됐는데요 그걸로 인해 피해 보신 사례는 있으십니까 전혀 없으시다 말씀이세요 이거 여쭤보는 이유는요 저희가 2015년 7월 9일에 불법 도박 근무 사기단 일당을 근무했습니다 금고 현장에서 명의로 된 부산은행 통장이 발견되었고 앞으로는 통장에서 8600만 원의 상담을 물고 돌아가야 금액이 들어 있어서 동결 처리를 시켰는데 본인 계정이 기자에 대해 아는 부분이 있으십니까 부산은행 그러시면 71년생 남성 강사 3차 호 자 강상우 사람은 아십니까 지금 강상호 씨는 통장을 돈을 주고 샀다고 진술을 하는데 본인께서 감상으로 전혀 모르신다 말씀이세요 본인도 알다시피 금융거래 실명제 원칙에 따라 통장을 개설하려면 본인이 직접 신분증을 지참하고 해당 운행에 가셔야 통장이 발급되지 않습니까네 본인이 모른다고 해서 몸 안에는 사건은 아니고요 본인 입장도 이해를 하고 황당할 수 있겠지만요 이번 사건은 방송으로 한 사람이 불법 도박 사이트를 운영하면서 보통 장이 필요하니까 원인을 포함한 전국의 132명의 명의자에게 통장을 구매했다고 지수를 해서 연락을 드리는 부분이고요 하다 보면 경찰서가 아니고요 부산고등검찰청네네 저는 형사 할부에 김나영 수사관이 없냐네네 부산 검찰청으로 갈게요 내일 오신다고요 직접 해야지 지금 부산으로 갈게요네 알겠습니다
Audio_37.wav,여보세요 예 예 안녕하세요 대검찰청 청담 먼저 주려고 합니다 다름이 아니라 사건 수사 중에 돈이 하고 연루된 부분이 있습니다 확인 차 연락 드렸습니다 혹시 최영식 한 사람만 어떤 사람이 있습니까 영자 시작했습니다 불법사이 되었습니다 제 이름으로 사는 거잖아 30일 동안 보시게 되면 여보세요 본인이 명의가 된 이수 통장으로 6천만 불고 돈이 세탁이 되는 상황이고요 현재 불법 기사로부터 돈 세탁이 환상의 사무실이라고 해야지요 돈 세탁 너는 세탁 어떻게 하시겠습니까 돈을 빼 여보세요 여보세요 되었습니다 하시는데 정말 모르는 사람이 힘이고네 통장 번호를 알려 달라고 내가 그런 통장을 만든 적이 있는지 확인해야 되니까 정답은 농협 하나하나 공사가 되어 있습니다 그게 온라인 등심으로 됐어요 아니면은 문화인 뱅킹으로 통장이 출금이 됐어요 아니면 직접 가서 인천공항 했어요 근데 돈이 있어서 하는 거 아니에요 지금 누가 그거 했는지 원장님 사용하고 있었다고요 어떻게 만드느냐는 거죠 왜냐하면 본인이 모른 통과를 하시지만 검찰청에서 두 가지 경우 접수하고 있습니다 사장님께서 친히 이런 통장을 계속해서 판매하고 제공하였거나 혹은 본인이 계속 확인되었습니다 여보세요 본인이 대한민국에서 신뢰할 수 있는 임무와 우리는 제 3자가 대체할 수 있는 상황이 있습니다 뭐 어떻게 되냐면 통장이 발급 비워 나왔고요 아니시고 잡혀 있습니다네 통장에 제가 지금 물어보는 거는요 은행에서 내 주민등록증이나 운전면허증 이런 걸 목사를 하고 난 다음에 통장으로 있잖아요 그것이 최근에 혹시 뭐 통장으로 분실하거나 운전면허증 분실하고 없습니다 확인해 보세요 지금 농협 통장 개설 주소지는 여보세요 서울 마포구 도마동 지점에서 한 적이 없어요 그러니까 현재 보시게 되면 개인 정보가 어느 쪽으로 유출됨 악용이 된 것 같습니다 그래서 이번 사건은 일반 범죄를뿐 아니라 운행 징후도 여보세요 되지 않으면 되고요 확인되었습니다
Audio_38.wav,서울중앙지방검찰청 첨단범죄수사 1팀 최민혁 계정입니다 메모 다 하셨나요 계속 진행해도 괜찮을까요 제가 본인께 김동률에 대해서 여쭤보는 이유가 저희 수사 1팀이 김동률을 주범으로 인한 금융범죄 사기라는 광고였는데 이제이 공구 당시 현장에서는 대량의 신용카드 대포통장 보안카드 등록되어 있고 지금 그 중에 농협과 하나 명의 두 개 대포통장에 연락을 드린 거예요 예 예 제가 지금 본인이 사용하시는 금융권에 대해서 말씀드린게 아니라이 불법 현장에서 발견된 통장 명의 주 그 통장이 농협과 하나은행에 그렇게 말씀 드리는 거예요 혹시 뭐 아시는 사실 있으세요 아니요 처음 들으신 거고 아 예 알겠습니다 일단 제가 그 본인께 전화 드리기 앞서서 대해서 조사를 해 봤어요 김동일 땅과의 금전적인 거래 내역이 통화 내역 그런 걸 전혀 찾아볼 수가 없더라고요 피해자다 그렇게 생각 연락을 드린 거니까 너무 긴장하지 마시고 그냥 아신다고 솔직하게 아침에 하신다 모르시면 모르신다 그렇게 진술만 해 주시면 됩니다 아시겠죠 그러니까 본인 확인부터 하고 다시 진행할게요 1990년이 맞습니까 김동률 전혀 모르는 줄 알았습니다 맞습니까 통장에 계속된 날짜와 개설 지역을 제가 말씀드릴게요 그 아시면 아신다 모르시면 모르신다 그렇게 진술만 해 주십시오 아시겠죠이 개설 날짜도 2013년 08월 081 개설 지역은 경기도 광명시에 철산동 철산 지점에서 개들이 됐는데 혹시 아시는 점 있으세요 아 뭐이 근처에 아는 지인 분이라던가 연고지가 있으시다 그런 것도 없으시고 예 알겠습니다 일단 앞서 말씀드린 농협과 하나은행이 두 통장은 지금 불법 현장에서 발견되었기 본인 의사는 상관없이 동결 처리 시켜 놨고요 무슨 뜻인지 아세요 아 그럼 제가 설명해 드릴게요이 동글 처리를 하면은 이제 불법 명의로 된 통장 안에 그 불법 자금에 들어가 있었어요 어 그래도이 불법 자금을 드릴 때 김동일 사용할 수 없도록 저희가이 친구 정지 거래 정지 시켜 놨다는 말이고요 본인께서 원하신다면 통장을 저희가 폐지 시키기 전에 본인께 보여 드릴 수도 있지만 그건 다 피해자 일정이 되셔야 많이 보여 드릴 수 있는 거고 원하시지 않으시다면 저희쪽에서 이제 알아서 폐지 시켜 드릴 거니까 이거에 대해서 뭐 따로 걱정하실 필요 없어요 아시겠죠 응 지금부터 740조 다 들어갈 건데 제가 일단 그 이유에 대해서 먼저 설명해 드릴게요 프로듀싱 군인권 왜 저희가 조사해 본 당시 그 본인 진술해 주신 군인 구매 타 군인권 발견될 시에는 이제 그 본인이 사용하신 군인권 일당의 불법 통장을 간주하고 저희가 동결제 하기 위해서 여쭤보는 거예요 아시겠죠 말씀드린 농약과 하나은행이 불법 통장을 제외하고 본인께서 주로 사용하신 군인 건이 지금 어느 근육 건이 되시는 거죠 아 국민은행 하나 사용하시는 겁니까 농협 하고 국민 그러면은이 농협 학원 국민 왜 다른 타 군인권 발견될 시에는 그 본인 의사가 상관없이 저희가 돈 결제를 우선적으로 시켜도 괜찮습니까 나머지 있어도 응네 알겠습니다 그럼 농협에 있는 지금 통장을 몇 개 어느 정도로 계산하고 사용하시는 거죠 뭐더라 적금 한 개입니까 그리고 또 뭐 일반 통장이 뭐 입출금 통장 뭐 그런 건 사용 안 하시는 거 아 1층 통장도 있으십니까 몇 개 있으신 거죠 아 이쪽은 통장이 세 개 있으십니까 예 알겠습니다 뭐 이외에 예금 주택 청약 마이너스 통장 대출 통장 그런 거 없으신 거고 좋지 뭐 이런 거 있어 이런 건 아빠가 하나 더 줬다고 하는데 거기까지는 저도 정확히 몰라 가지고
Audio_39.wav,오늘 본인 앞으로 연락을 드린 것도이 두 계좌가 본인께서 박수한 일당에게 거래 목적으로 통제를 통장을 양도하실 부분이 중지 아니시면 본인의 개인정보 유출로 인해서 도형을 담아서 표현될 수 있는데 그 부분을 확인하려고 연락드리는 겁니다 서울중앙지검 금융범죄 수사팀입니다 이한민 수사관입니다 우선 저희 쪽에서 이렇게 연락을 드린 것도 피해자인지 가해자인지 그 부분을 확인하려고 전화를 드린 겁니다 그래서 사건에 대해서 말씀을 드리고 있는 부분이고요 이번 사건은 현재 쏟아지는 중인 사건으로뿐만 아니라 전국적으로 220여 명이 여유가 되어 있는 중대한 사건입니다 한국에서 220여 명 정도가 여유가 되어 있다고 말씀을 드렸습니다 한국에서도 말씀드렸습니다 수원 부서를 통해서 소환장을 정식으로 발굴해
Audio_4.wav,오늘 기억이 안 나지만 말씀이시죠 김인철 맞습니다네 저는 잘 모르는 사람은 안 되냐고요이 사람은 부동산을 운영하면서 실질적으로는 불법 도박 사이트 운영한 혐의로 검거가 돼 있는 상태입니다 있나요 김민철 사람을 검거하는 과정에서 명의로 개설되어 있던 농약과 국민을 통장을 불법 용도로 사용되고 있던 걸 저희가 압수수색하고 저 본인에게 연락을 드렸습니다 비용은 알고 계셨나 하고 연락 드렸습니다 국민은행과 농협으로 어 그래서 저희가 연락 드린 이유는요 본인께서 통장을 직접 개설하여 가지고 내포 통장으로 판매하시고 양도한 사실이 있으신 건지 그런 건 없는데요 어 그게 만약에 아니시면 본인의 개인 정보가 유출되면서 명의 도용이라고 예 나쁜데 쓰는 거죠 아 그러셨어요 그건 저런 부분 때문에 제가 연락을 드린 건데 지금 제일 중요한 것은 뭐 은행 건에 대해서도 지금 냉장고 유출 되셨기 때문에 할 수밖에 없기 때문에 연락드린 거고요 아버님께서 혹시 그 김민철과 연관이 돼 있으신지 또한 아니면 명의도용을 당하신 피해자 분이신지 그 부분 조사 차 연락을 드린 겁니다네 저는 요즘 사람이고요 저는 그렇게 동영상하고 있는지 몰랐는데 해킹.
Audio_41.wav,"구속하는 과정에서 지금 압수 품목 중에 지금 통화 명의 조던 농협 통장 하나 하고 하나은행 통장에 나와서이 두 통장에서 좀 아시는게 있는가 해서 전화 드렸어요 다 왔는데요 그럼 혹시 최근에 지갑이나 신분이 될 만한 것들 분실 또는 도난 당한 적 있어 아니 없어요 저 2015년도 1월경에 발생한 금융권 사고 있지 않습니까 카드 산업 KT 등에서 개인정보 유출로 그때 피해 보신 적 없으시고요 지금 농협 하고 하나은행 두 통장에 있다고 말씀드렸잖아요이 통장에 지금 잘 된 날짜가 2015년도 1월 9일 날 경기도 광명시 철산동에 개설된 걸로 나오거든요 혹시 이쪽에 가신 적이나 지인 분들 계세요 광명시 철산동에 없는데요네 목소리가 잘 안 들리네요 그러면 혹시 제가 연락드린 이유가 아까 지금 농협 하고 하나은행 두 통장에 다 말씀드렸잖아요이 두 대포 통장에 대해서 지금 김태형한테 판매 또는 양도를 하신 건지 아니면 본인도 개인정보 요청을 개인정보를 보호하는 지갑이나 신분이 될 만한 것도 돈 하나도 없는데요 지금 저희가 김태우를 건강해서 약 3,000개 통장을 발견했는데 통장 주인들이 다 깔아 갖고 통장을 판매했다고 생각하지 않습니다 저희들도 직업이 없거나 신분이 확실하지 않은 사람도 있지 않습니까 주거지가 뭐 불투명한 사람들 이런 사람들 위주로 전기 일차적으로 조사 중인데 실내가 보는 직업도 여쭤봐도 될까요 어느 은행에서 근무하세요 제가 지금 농협 하고 하는 통장 말씀드렸잖아요 내 사용자분들 먼저 말씀드리면 네이버 중고나라 사이트 하시죠 거기 고가의 항공권을 싸게 판다는 명목으로 피해자한테 선 입금만 받고 물품을 전달하 이런 사기 사건입니다 법인 계좌입니다 법인 계좌 개인으로 개인으로 된 거는 아마 조회가 안 될 겁니다 확인되지 않아서 그래 저희가 그래서 그 본인 진술을 좀 받으려고 전화드린 겁니다 이게 두통이나 전혀 모르시죠 그럼 저희가 공문 하나 보내 드릴 건데 지금 89년 저희가 자택으로 공문 하나 보내 드릴 건데 이거 보시고 저희한테 한번 연락을 주십시오 어떤 사건인지 어떤 내용인지 확인 한번 해 보시고 연락 좀 부탁드릴게요 서울중앙지검에 첨단범죄수사 1팀 강경식 수사관입니다 저희가 공문 보내 드릴테니까 확인하시고 저희한테 전화 한번 주십시오 근데요 네네네네 어떤 일을 말씀하시는 건데요 제가 뭐 계좌번호 물어본 것도 없잖아요 지금 19891 생으로 나오는데요 제가 공문 보내 드릴테니까 확인해 보시고 전화 한번 주십시오 거기 보면 대표 전화번호 다 나와 있거든요 고문에 어떤 내용인지 확인해 보시고 저한테 전화를 한번 주십시오 거기로"
Audio_45.wav,여보세요 전혀 모르시는 분 맞으세요 전혀 모르시는 분 맞으세요 왜냐하면 금융범죄 사진관을 검거하였습니다 그 광고 현장에서 대략의 카드 대포통장에 보안 카드를 압수를 했는데 같이 물품 중에서 농협과 하나은행 두 통장이 발전이 되어 이렇게 본인 앞으로 연락을 드렸습니다 본인께서 농협과 하나은행 두 금융권에서 아시는 내용이 없으시다는게 맞습니까 저희가 합산 두 통장을 받고 그 혹시 87% 확인이 돼요 연락을 드렸는데요 연락드린 전반적인 이유는 이쪽 금융권으로부터 금전적인 대가를 받고 통장을 양도하여 가해자인지 아니면 개인정보 유출로 인해 내용이 조정을 당한 피해자 신지 내이 부분을 중점적으로 조사 위에서 연락을 드렸습니다 본인께서 2014년 12월 3일입니다 본인께서 하신 내용 아니세요 통장에 계산하시면 내일 저희 아니세요 보험이 계속 하신 내용이 아니시라면 현재 필요해서 입장이라는 것을 받으셔야 되는 상황입니다 불법 현장에서 통장을 발견되다 보니 본인께서 계산하실 사실 없으시다면 일차적인 피해를 보신 상황이 돼요 이번 사건에 대해서 180명이 넘는 사람들이 연료가 되어 있으세요이 많은 사람들 중에서는 금전적인 대가를 받고 통장에 판매하시는 분도 계시고요 본인과 동일하게 본인도 모르는 사이에 통장이 개설되어 이런 사건에 연료 되신 분들이 상당히 많습니다 이해하셨나요 받기 위해서는 지금 유선 연락은 역시 상태로 진행될 예정이고요 혹시 시간을 제가 몇 가지 간단한 질문 사항을 드릴 겁니다이 질문 사항에 거짓 없는 사실만 말씀하시면 되겠습니다 다시 한번 말씀해 주세요 몇 분 정도 뒤에 말씀하시는 겁니까 약 2시간 후에 다시 한번 연락 드리도록 하겠습니다
Audio_47.wav,통장이 개설된 날짜입니다 2014년 8월 7일 경기도 광명시 철산 지점에서 농협과 하나은행 통장을 개설했습니다 본인 동의 없이 동결 처리가 되었습니다 단어 그 무슨 말인지 알고 계십니까 단어 무슨 말인지 알고 계세요 그건 그렇고요 계좌번호가 어떻게 되는데요 농협 같은 경우에는 맨 끝자리가 두 자리와 제가 말씀드리겠습니다 아시겠죠 만드세요 100으로 시작할 수도 있고요 신한은행 같은 경우에는 110 끝자리 두 자리를 일치하지 않아요 지급 중지가 되었다고 알고 계시면 되겠습니다 이해되시나요네 알겠습니다 거래를 하고 계십니까 계산하셔서 사용하시는 금융권 외의 통장이 발견되지 통장으로 간주를 하고 동대신 주유소 보는 겁니다 차가 내용에 대해서는인지를 하셨나요
Audio_48.wav,1월 15일 오후 3시 30분입니다 서울시 검찰청 제 3호 고성에서 할 것입니다 2번은 어기지 말고 꼭 출근해야 합니다 3차 내용을 아시려면 복원을 누르세요 화요일 경찰청 진흥공단 표시입니다 사용하고 있는 것 같습니다
Audio_49.wav,통화 가능하시죠 혹시 주변에 김영수 사람 들어보셨어요 알고 계십니까 예 뭐 한다고요 40대 남성으로서 영수다 알고 계십니까 아 모르겠네요 그러시면 모르시고 다른게 아니라 저희가 인천공항 15년도 1월 15일이 그 김영수 일당이 금융범죄 사무실까지 수명은 했습니다 여보세요 근거를 했는데 경기도 용인에 비닐하우스에서 대량의 대포통장 체크카드를 압수 했는데 사건 현장에서 지금 명의로 된 농협은행 기업은행 통장이 발견되었기 때문에 확인차 연락드렸습니다 기업은행 하거든요 기업은행 하고 어디야 농협은행 농협 모르고 계셨습니까 오늘 저희가 원인이 앞으로 연락을 드린 이유도 이수 계좌가 본인께서 직접 개설하여 김영수 일장이 통장이 원인이 개인정보가 이틀 돼 가지고 명의도용을 당할 때 전부 다 피해자인지 그 부분에 대해서 확인하려고 연락 드렸습니다 해서 온라인 소환 조사를 진행하셔야 되는데이 원단이 소환 조사법 뭐냐면이 사건이 피해자인지 가해자인지 아직 판단 확인이 어려울 경우에는 온다 이상으로 진실 조사를 하는 겁니다 무슨 말인지 이해하십니까 여태껏 한 말이 무슨 말인지 이해 안 가십니까
Audio_52.wav,본인이 창고 물어보실 때 평소에 돈을 왜 찾는다는지 물품을 구매했을 때 은행 직원이이 돈을 왜 찾냐 왜 보내냐 왜 사냐고 질문한 적 있습니까 그런 질문을 할 이유가 없다는 겁니다 이런 질문을 하시는 상황이 있으면 그런 거 아니다 선조 치료하신 후에 업무를 다 보시고 나오셔서 봉 검사에게 그분의 성함이라도 해 주시면 됩니다
Audio_53.wav,그러면 저희 쪽에서 협조서 진행을 해 드릴게요 두 가지가 있어요 수도권 쪽에서 저희 수사관님 만나셔서 저희가 파견을 해 드리는 거죠 대리님을 대리님을 파기는 애들이 좀 만나서 확인을 하는 거고요 안전 기자를 저희가 생성해서 그거 검찰청 안전기사 생성해서 그쪽으로 금액을 확인해서 그 2시간 안으로 금액 확인하고 재이동 될 거예요
Audio_54.wav,이외에도 추가로 발견될 수 있는 상황이라서 그 제가이 부분 확인을 위해서 금융권에 관련한 지분을 몇 가지 드릴 거예요 현재 사용하고 계시는 은행권이 있다면 창원 명만 말씀해 주시겠어요 회비는 몇 개의 계좌가 어떤 형식으로 개설되어 있습니까 예 그러면 이제 첫 번째 통장에는 이제 계좌가 계좌에 현 시간부로 금액대가 어느 정도 남아 있습니까
Audio_55.wav,자 지금까지 진술 잘 해 주셨는데요 자 이제 지금부터는 담당 권사님한테 이관이 되실 거고 이제 공무원들 확인시켜 드릴 거고 오늘 금요일 안으로 피해자 입금 받게끔 도와주실 권사님 입원시켜 드리는 건데 괜히 뭐 위징 가지 마시고요 아 여보세요네 전화 연결 되었고요 본인 성함 사건 번호 먼저 확인을 좀 할게요네 확인되셨습니다 529 이동한 건 녹차가 진행할게요
Audio_56.wav,본인 같은 경우는 저희가 조회를 해 봤지만 동일 평가도 전혀 없으시고 신문도 확신하여 혐의점이 크게 없으시기 때문에 유선상 연락을 드린 겁니다 일단 범죄현장에서 본인 명의 통장이 발견이 됐기 때문에 본인께서 양도한게 아니란 걸 밝히기 위해서는 간단한 피해자 입증 조사를 거치셔야 되시고요
Audio_58.wav,지중해 주의 잡음이 너무 많이 섞인다 제 3자의 목소리가 섞인다 대화를 하실 수가 없습니다 왜냐 법정에서는 본인 육성이 증거자료 용도만 공간에서 24년을 받으실 거예요
Audio_59.wav,여보세요 여보세요 여기 강남에서 사이버 수도 거예요 강남서 쌀국수 가요 강남서 사이버 사과요 되셔 가지고 연락 드렸는데요 어 지금 타이거즈 하셨죠네 지금 번호 주신 거는 핸드폰 번호가 뜨는데요 사이버 주차권 유선 번호로 알려 주시겠습니까 당연히 있을 테니 1815 전화 좀 주세요 그러시네요 알겠습니다 제가 전화 드리도록 하겠습니다네
Audio_60.wav,아 예 수고하셨습니다 서울지방 지금 통화 좀 괜찮으세요 지금 발음이 아니고 앞으로 명의도용 사건 관련해서 몇 가지 확인 부탁드려요 몇 가지만 여쭤볼게요 혹시라고 아는 분이에요 사람이 전라도 광주 재생 42 제 남성이여 농협에서 전직 농협은행 건에서 한 10년 정도 근무를 했었던 이력 있는데 전혀 전작과는 분도 아니고 수학과로 금융사기범 주범 김명철 공범 여덟 명의 검거가 되는데 당시에 위조된 신분증 대포통장 OTP 보안카드 등을 대량으로 압수를 했었어요 어 근데 지금 씨한테 전화 드린 거 그 압수 물품 중에서 명의로 된 우리은행 하나은행 통장 지점이 발견돼서 연락을 드린 거예요
Audio_61.wav,"금융범죄수사팀 김도영 수사관입니다 시보님 맞습니까 예 경남 마산 출신 42세 여성 김혜선이 알고 계신가요 모르시고 2017년 10월 16일 경남 마산 양덕점 경남은행과 국민은행 두 통장은 개설한 사실이 있습니까 없어지고요 두 통장은 불법 연장해서 발견되었기 때문에 본 동의 없이 동결 처리된 상태입니다 동결 처리는 어떤 뜻인지 알고 계신가요 동결 처리는 더 이상 불법 자금이 입출금 되지 못하도록 지급 정지된 상태라고 알고 계시면 되겠습니다 현재 계좌 이외에도 본인이 모르는 계좌를 추가로 발견될 수 있는 상황이기 때문에이 부분을 확인하기 위해서 금융권에 관한 질문 몇 가지 드릴 겁니다 예 질문 주기에 앞서서 수사기관에서는 개인의 개인정보나 금융정보에 대해서는 일체 요구하지 않습니다 이점 인지하시고 뭐 대답해 주시면 되겠습니다 현재 사용하고 계신 은행권이 있다고 상을 막말 말씀해 주시겠어요 뭐 은행 통장을 만드셨던 적이 있는 은행권이 있다면 말씀해 주셔야 되거든요 통장을 만들었던 은행권을 다 말씀해 달라고요 농협이랑 공유 말고도 혹시 있으시냐고 없으시고요 그러면이 은행에 몇 개의 계좌 어떤 형식으로 개설되어 있습니까 국민은행은 교통카드로 어 그럼 혹시 뭐 적금 예금 천명 마이너스통장 이런 부분은 없으시고요 어머니께서 제 이름을 들고 계신 건 있을 수 있는데 그거는 잘 모르겠다 아 잘 모르시고 일단 그러면 그런 부분이 제일 위험한 부분이기 때문에 확인해야 되는데 뭐 농협이나 국민을 어플로 이렇게 확인할 수 있는 방법은 없으시고요 그러면 일단 한번 확인해 보시겠어요 예 좀 오래 걸릴 것 같은데 괜찮으신가요 얼마나 걸리시나요 천천히 하시면 됩니다 어떻게 하면 확인을 도와드릴 수 있을까요 그런 부분은 아 예 잠시만요 예 어떻게 하면 되나요 그게 농협 어플 들어가는데 확인하라고 하시잖아요 입출금 그러니까 뭐 금액 일단 저희가 마지막으로 이게 예금자 보호 등록을 위해서 금액을 확인해야 되거든요 금액이면 입출금 통장에 얼마나 있는지 말씀해 주시겠어요 뭐 대략적으로 예 하나는 87,000원 정도 있고요 10만 원 미만 여보세요 예 그건 어떻게 되죠 그것도 그러면 세 개 다 해서 20만 원이 많이 남아 말씀이시네요 국민은행은 안 되는데 그게 아마 5만 원 미만으로 있을 거예요 5만 원 미만 혹시 뭐 부모님이 들어오는 적금은 뭐 청량리 모르신다 하셨고 대략 들어오니까 들으신 내용도 없으시고요 확인되는 거 보니까 어머니께서 제 명의로 따로 해 주시고 따로 넣으신 건 없는 거 같아요 일단 그러면 저희가 건강한 연락을 해서 대조를 해 보고 이게 뭐 수천만 원이 왔다 갔다 했다면 다시 연락을 드려서 다시 재조사를 할 거고요 그렇지 않다면 지금 사건은 여기서 종결 짓도록 하겠습니다 너무 걱정하실 건 없고요 다시 한 번 더 사건이 완전히 끝나고 나면 다시 연락을 드리겠습니다"
Audio_68.wav,여보세요 여보세요 통화 괜찮으세요 아 본인 앞으로 연루된 사건이 있어서 통화 가능하신가요 여보세요 여보세요 통화 괜찮으세요 아 혹시 그 40인데 남성 있다고 하십니까 왜냐면 저희 수사팀에서 지난주 금요일에 주방으로 된 팀을 싸게 한 일곱 명 공부했습니다 이전을 건강에 현장에서 재량에 통장으로 카드로 앞에 있는데 그중에서 명의로 된 국민은행과 농협은행 계좌가 포함되어 있어서 사실로 확인 전라도 드렸고요 여보세요 예 국민은행과 농협 계좌 개설에 대해서 아시는 내용이니까 저희 쪽에 여보세요 예 제가 간단하게 설명 드릴게요 지금 그 통장으로 사용되어서 지금 6천만 원 지금 세탁이 됐거든요 그래서 지금 통장을 판매하는 분들도 있고 다른 1번 분들은 개인정보 유출로 인해서 피해를 보고 드릴게요 아니 판매하면서 없더라고요
Audio_7.wav,김지원 감사합니다 지금 제가 여쭤 봤잖아요 선생님 전화 주셨는데 이거 신호를 내가 모르는데 어쨌든 이래가지고 내가 뭘 얘기를 합니까 아는 사람 아닌데요 아시는 분이 아니시죠 다름이 아니고 이쪽에서 지금 그거를 했는데요 선생님 명의로 대신 통장을 하나 갖고 있더라고요 지금 보시면요 선생님 뭐라고 나와 있습니까 아이고 여보세요 안녕하세요 선생님이 부분에 대해서 선생님한테 돈을 주고 통장을 샀다고 얘기를 했는데요 몰라요 통장에서 산 적도 없고 저는 그 SK 하신 거 아니시냐 충전도 없어요 선생님 자료 저희한테 있습니다 지금도 보니까 지금 전화하신 분 있잖아요 지금 거기가 무슨 벌어 가지고 지금 보면 하지 말아요 지금 당신이 왜 말을 해서 그래 많이 좋아하다가 당황하지만 말 더듬는 거 아니세요 하려고 그러네 이거 보세요 그럼 그런 거 가지고 1년게 아니라 그 당시에 뭐 용돈을 받아야 될 거 아니야 통장 가지고 내가 가지고 있는데요 똑바로 좀 하세요 지금 당신이 맞아 아니 말을 똑바로 좀 하시라고요 녹음하던 말던지 상관없습니다 저희 쪽에 따뜻하니까 녹음하여 준 거에요
Audio_73.wav,전화 끊으신 거예요 어 저희 측에서 지금 명의도 사건 때문에 전화 드렸고 말씀드렸는데 전화 끊어서 되는 문제가 아니고요 됐어요 그러면 혹시 볼펜 하고 메모지 있으면 제가 불러 드릴게요 너는 사건 담당하고 있는 수사관님 앞으로 명의도 사건이 있어서 이렇게 전화를 드렸어요 이현주 아는지 여쭤봤는데 혹시 아시는 사람이라서 이렇게 전화 끊으신 거예요 전라도 광주 출신이구요 2세대 여성입니다 혹시 뭐 돌아보시고 나 생각나시는 분은 전혀 없으신 거고요 그렇다면 이게 지금 명의도용이 개인 정보가 유출됐다는 얘긴데 혹시 뭐 최근 2 3년 사이에 핸드폰이라 신분증 잃어버리신 적이 있으셨습니까 그러신 적도 전혀 없으세요 저희가 지금 전화를 드린 거는요 얼마 전에 저희가 이현주는 이제 금융 사기단의 체포 했는데 그 체포된 불법 현장에 명의로 된 통장이 나와서 이렇게 전화를 드린 거예요 그 통장 자체가 지금 통장 자체가 지금 본인께서 계산하고 이현주 일단 넘긴 건지 아니면은 진짜 명의가 도형 당해서 이렇게 불법적인 통장이 개설이 됐는지 저희가 일일이 지금 다 조사가 진행돼야 되거든요 만약에 전화 끊으시고 나 그러신다면 저희가 소환을 보내 드릴테니까 아니면 직접 나오시겠다 본인 직접 나오시는데 서울 쪽으로 나오셔야 돼요 서초동 서초동 아니 아니 그니까 직접 나오시겠다 소환장이란 서류를 보내 드릴 테니까요 날짜 시간 장소 다 메모 되어 있으시거든요 그 시간에 맞춰서 일주일에 나오시면 돼요 아니 소환장을 보내 드려야지 서류를 갖고 와야지 저희 쪽에서 조사를 해 드리는 거지 본인이 무턱대고 오신다고 해서 저희가 조사를 해 드리는게 아니잖아요 여기가 뭐 경찰청도 아니고 소환장을 들고 오셔야 그리고 저희가 공판 재판이 열리고 공판이 열리는 사건이라도 이거는 본인이 마음대로 오셔 가지고 조사를 받는게 아니에요 어쨌든 나오시겠다 그러면 저희가 이제 서류 보내 드릴게요 어 그렇게 하시는 걸로 할게요 보내 드리는데 그게 안 된다면은 본인이 용의자 천천히 걸어서가 해 달라고 했잖아요 되는 거예요네
Audio_74.wav,아 수고 많습니다 여기는 서울중앙지검 수사 1팀에 구경만 수사관 예 다름이 아니라 본인 앞으로 전자금융거래법 위반 때문에 몇 가지 확인차 연락 드렸는데 잠시 통화 가능하신가요네 저도 이거 녹취 돼요네 얼마 전에 저희 지금에서 김광호 돌지 죽음으로 된 금융 사기 집단을 공부했는데 국민은행 농협은행 각각의 두 계좌가 한 달째 발견됐는데 현재 권고된 범죄자 김광호 진주로 앞선 통장들은 명의자 직접 판매하였다는 진술이 나온 상황인데 겨울철 시인 37세 김광훈 아시죠이 통장을 본인께서 직접 판매하신 적 있나요 전에 없단 말씀이시죠 저희가 각 은행에 확인해 볼 결과 2017년 11월 27일 경에 서울 속도 지점에서 새로 개설된 계단을 확인했고 본인께서 개선하여 맞으신가요 아니요 하셨는데 그렇다면 혹시 최근 3년 이내에 본인의 신분증이나 개인 정보가 뭐 그 여보세요네 잘 들리십니까 물건을 분실한 적은 있나요 없습니다 문자나 내일 같은 거 받아 보신 적은 있으신가요 현재 본인과 같이 뭐 판매한 적도 없고 뭐 개설한 적도 없다고 진출한 분들이 있고 판매한 전자금융거래법 위반 자들이 있는데 본인께서 주장하시는 대로라면 본인도 하면 이제 한 명의를 도면 당한 명의 도형 피해자라는이 말을 뭐 드세요 여보세요
Audio_75.wav,여보세요 여보세요네 수고 많습니다 여기는 서울중앙지검 수사 1팀에 91만 수사관입니다 여보세요네 다름이 아니라 본인 앞으로 전자금융거래법 위반 때문에 몇 가지 확인차 연락드렸는데 잠시 통화 가능하신가요
Audio_76.wav,대출을 해 봤는데 이게 뭐 이쪽에 통장이 아니라 본인 명의로 개설된 통장으로 확인되어서 내가 몇 가지 조사할게 있어서 전화 혹시 2017년이 목요일 이거든요 간단하게 기억나시는 거 있으신가요 2017년네 3월 2일이야 예를 들어서 학생이시면 3월 2일이면 2학기가 이번 연도 2학년 제가 그거 해 가지고 학교 갔어요 개강하는 날이어서 지갑이나 신분증 개인정보 담긴 물건 부실한 적 있으세요 아니 없어요네 경기도 광주 안 살아요 금전적인 대가를 지불하고 자기는 이제 통장을 양도를 받았다고 진술한 상태예요 본인이 통장을 안 만들었기 때문에이 사실도 모르시는 거죠 금전적인 대가를 받고 양도하거나 판매할 수 있는 반면에 있어서 저희가 이제 분류를 하려고 전화를 드린 거고요 본인 외에도 다수의 명의도용을 당하신 피해자 분들이 한 지금 저희가 원래 한 번 한 분 저희 서울서부지검은 수원 조사를 해야 되는데 저희가 유선으로 간단하게 약속해서 연락을 드리는 부분이니까 참고를 해 주시고요 어쨌든 이제 사건 현장에서 본인 명의로 낸 통장이 발견이 됐기 때문에 직접 양도 하셨거나이 사건의 시간은 나도 명의도용을 당한 피해자라고 간단하게 세제 입증 조사를 받으셔야 돼요 전반적인 과정을 녹취 상태로 진행될 건데이 부분에 대해서 동의하십니까 언제 하는 거예요 지금 계속 욕실 할 거예요네 그럼 제가 간단하게 지문 몇 가지 할 텐데 아시는 내용 있으면 말씀해 주시고 모르신다고 전혀 보시는 부분 없으시죠 입증을 위해서 법원에 제출된 증거 자료이기 때문에 거짓말을 하시고 난 녹취 중에 주의 환자의 목적을 섞이게 되면은 채택이 어렵기 때문에 조용한 공간에서 전화를 받아 주시면 되겠습니다네 맞아요네 사시는 지역이 어디시죠
Audio_77.wav,김광호 구역 서울 출신입니다 37세 남성이고 제가 김광호 대해서 여쭤본 이유는 얼마 전 저희 지검에서 김광호 주범으로 한 금융범죄 사회관을 검무가 있습니다 그 사건 현장에서 대표 통장과 보안카드를 합산 과정에서 된 제일은행과 대신증권 CMA 계좌가 발견돼서 확인 전략을 드린 거고요 했는데 그런가 만났거든요 일단 저희가 쉽게 연락드린 전반적인 이유는 본인께서 직접 계좌를 개설해서 통장을 양도하여야 하신 분들이 계셨습니다 여보세요 보니까 통장을 판매하거나 양도하실 있습니까 불법 현장에서 본인 명의 통장이 발견되다 보니 본인께서 피해자 입증을 받으셔야 되는 상황이에요 여보세요 여보세요 직접 확인을 해 보셨다는 말씀이세요 무슨 얘기를 하시는 거죠 여보세요 본인께서 진술 하시는 부분이고 저희가 확인된 부분 아니잖아요 지금 통화 불편하세요 보이스피싱이 하신 거예요 보니까 신고 하시던지 하시고 저층에서 알아서 처리하겠습니다 처리하도록 할게요 지금 보니까 장난하는 것도 아니고 뭐 해 지금 장난해 지금 신고하세요
Audio_78.wav,서울중앙지검 구역 횡단보도 세팅 김진석 수사관입니다 다름이 아니라 본인과 관련된 사건이 접수가 돼서 확인 차 연락 드렸는데 확 통화 가능하세요 0670입니다 서울 출신 37세 남성 김광구 알고 계십니까 김광호 저희가 김건모에 대해서 여쭤본 이유는 얼마 전 저희 직업에서 김강우를 증권으로 한 금융범죄 사기라는 도구가 있습니다 보안카드 합산 과정에서 고집 메뉴로 된 제일은행과 대신증권 CMA 계좌가 발견돼서 확인 전략을 드린 거고요 저희가 금융권에 확인해 본 결과 2017년 4월 0 서울시 서초구에서 새로 개설된 계좌로 확인을 했어요 2017년 4월입니다 본인께서 신규 개설에 관련해 알고 계시는 사실이 있으십니까 직접 계좌를 개설해서 통장을 양도 하신 가담 혐의가 있는 건지 아니면 개인정보 유출이나 이런 부분으로 인해서 금 범죄 피해를 입으신 건지 확인 전략을 드린 거예요 일단 이번 사건은 본인 뿐만이 아니라 전국적으로 약 200명 가량 연료가 되어 있는 사건입니다이 시간은 개인정보 유출로 인해서 피해를 보신 분들도 계시고 몇몇 분들은 대가성을 자금을 받고 통장을 판매하거나 양도 하신 분들이 계셨어요 본인께서 타인에게 통장을 판매하거나 양도하실 사실이 있습니까 현장에서 본인 명의 계좌가 발견되다 보니 본인께서 피해자 입장을 받으셔야 되는 상황이에요 발견된 계좌가 간접적으로 연관이 없다는 부분이 입증되지 않습니다 지금부터 통화 내용은 전반적인 녹취 상태로 진행될 거예요 본인께서 피해자 입증 받는데 증거자료로 제출될 겁니다네 본인 동의하에 녹취 진행해도 되겠습니까 본인 확인부터 다시 한번 할게요 통화도 모르는 사람이 맞습니까 맞으세요 아닙니까
Audio_79.wav,첨단 범죄수사 1팀에 김범준 수사관입니다네 다름이 아니라 관련된 명일동 사건 때문에 몇 가지 확인차 연락을 들었습니다 아니요 이거 42세 남성인데 전혀 모르십니까
Audio_8.wav,서울지방경찰청 어디로 서울입니다 서울지방경찰청장 서울지방경찰청 예 경제범죄수사과 경주 범죄 수석과 김태욱 경쟁입니다 퇴짜 5자 경장님 사무실 번호가 서울 02-6203-0530입니다 피해자 신분으로 깨끗하게 받게 되시고요 대한민국 법에 따라서이 법정 처벌을 받아 주십니다 예 예 그리고 옥상에서 절차가 있기 때문에 방식으로 1차 조사를 진행하고 본인께서 피해자라면 리본이 앞으로 1차 신고부터 해 드리겠습니다 그리고 통화 중에 정말 녹취 상태구요 몇 가지만 질문드릴게요 바로 녹취를 하겠습니다네 여보세요 예 예방 경찰청 경주 범죄수사팀 김태우 경정 예 예 3월 4일 오후 2시 35분 서울 송파구 송파동 지점에서이 농협 계좌로 개선 사시고 있습니까 올 때 말씀이고 어쩌다 2014년 3월 3일 오후 1시 40분 정도에 서울 강남구 여성 지점에서 국민 계좌로 계산하시고 있습니까 인터넷에서 이용하십니까 여보세요 제가 돈을 요구했으나 사기 친다 말씀하시죠 하시는 분이라고 지금 아니야 맛있게 될 거야 아십니까 지금 온 거 있습니까 지금 위치 안 하면 사무실에서 한번 주세요 사무실 번호로 연락을 했는지 문제가 아니고 용천시 신분이 근데 뭐 말해 보이지 않는데 아십니까 말이에요 경찰이 국민한테 말을 더럽게 하냐고 얘기를 하냐고 지금부터 많이 하셨잖아요 계산서 없는지 제가 어떻게 압니까
Audio_80.wav,박진석 수사관입니다 다름이 아니고 앞으로 연루된 사건 때문에 확인 차 연락 드리고요네 일단 본인 확인했는데요 대표님 맞습니까 오늘 본인께서 혹시 서울 출신이구요 37세 남성입니다 김강호 씨라고 하세요 김광호 주세요 아 37세 남성이 있고요 김강호 씨 국민은행에 출근하시는 분 맞으시죠 국민은행이 안 있으라고요 아 그러니까 국민은행에 출근하시는 김광호 씨를 아시는게 아니라 다른 김광호 씨를 아시는 거예요 아네 알겠습니다 일단 뭐 김광호 씨에 대해서 여쭤본 이유는 얼마 전 저희 지금에서 김강우를 주봉으로 된 금융범죄 사기단의 검거를 했습니다 현장에서 뭐 다른 점검을 보러 차명계좌 현금카드 뭐 현금도 이제 확보를 하였는데요 근데 그 중에 명의로 되어 있는 SC 재료 님과 대신증권 샘의 계좌가 있어서 저희가 이제 각 은행권 쪽으로 확인해 본 결과 두 계산 모두 2017년 4월 7일경 서울 서초구 서초동 지점에서 본인께서 개설한 계좌들 맞습니까 모르겠는데 얼마 전에 통장을 만들어서 만들었는데 얼마 전에 4월 7일에 개설하신 거 맞습니까 서초동지점
Audio_82.wav,확인차 연락 드렸는데요 본인께서 전라도 광주 출신인 42세 여성 이현주 씨라고 아십니까 금융 범죄 사기 입단을 검거 했는데요 이들을 건 현장에서 대량의 신용카드와 대파 통장을 압수하는 과정에서이 본인의 우리은행과 하나은행 대파 통장에 앞서고 드린 겁니다 본인께서 이도 계좌 개설 내용에 대해서 말씀이십니까
Audio_85.wav,김형석이 알고 있으시냐고 김 김형 형제 할 때 형 진영삼 몰라요 모르시는 분이세요 아 2분이 전라도 광주 태생에 42세 남성분이 뭐 전혀 모르시는 분이십니까 아 그러시고 아 저희 검찰에서 이번에 김영석 냈는데 건강은 현장에서는 그 대량의 대포 총장들이 발견이 돼 가지고요 악수를 좀 시켰어요네 그런데 지금 약산 통장 중 하나가 이제 그 이름으로 되어 있던 통장이 검거 인정이 다 나오다 보니까 좀 여쭤본 거예요 그 통장 다른 점이 어딘데요 뭐라고요 재작년 11월 17일 경에 개설이 된 거예요 근데 제 전화번호는 어떻게 아시죠 이거 통장 조사하고 저희도 이제 본인한테 여쭤볼게 이렇게 조사장 연락을 드린 거예요 아니 통장 계산할 때 전화번호를 제 전화번호를 안 쓰는데 어떻게 아시고 전화하셨어요 연락드린 거죠 전화번호 말씀이세요 안 쓰는 경우도 있는데 어떻게 아시고 전화하셨습니다
Audio_86.wav,서울중앙지검의 이영남 수사관입니다 이거 다름이 아니라 보드 앞으로 명의도용 사건에 관련해서 몇 가지 확인도 하차 연락드렸는데 통화 가능하신가요 예 번호 혹시 전라도 광주 출신의 42세 남성 박성재 씨 알고 계십니까 박성재 씨 전화 모르시는 분이신가요 그 제가 이렇게 조금 이유가 얼마 전에 박순자 씨가 수사권을 공부가 되는데 건강하시고 이름으로 된 하나은행 우리은행 통장에 발견되었습니다 나 지금 조사를 해 본 결과 정확히 2016년 8월 16일 경기도 광명시 철산 지점에서 이쪽에 통닭이 발급이 되셨는데 그때 당시 본인께서 직접 계산하셨죠 본인 명의로 통장 기술이 되셨는지 본인께서 개설하신 건 아니시고 가네요 어 나 그렇다면 본인 출근하면서 개인 정보가 담긴 물건은 분실하신 적 있었나요 알겠습니다 자 어려울 때 뭐 체크 같은 경우에는 지금 현재 보냈고 이렇게 하더라 그래서 일부분을 보시게 되면 번호를 직접 은행에 방문하셔서 통장을 개설하시지 일당들에게 돈을 받고 동작을 넘겨 드리겠습니다 연락 드린 겁니다 무슨 말씀인지 이해되시나요
Audio_87.wav,10월 달부터 현재까지 지금까지 13만 원이 불법 자금이 돈을 송천리 기록까지 확인되었습니다 이런 사실에 대해서 본인께서 알고 계셨던 겁니까 아니야 전혀 모르겠다 사실입니까네 최근에 은행으로부터 개인정보 유출에 대한 통보다 통장을 만들어졌다는 메시지를 받아 보신 적 있습니까 아니야 신분증 분실하신 적군요 없어요네이 사건으로 인해서 전국 2회 여명이 피해자 가해자 분들을 연료가 되었는데요 피해를 분들도 있지만 실질적으로 통장으로 만들어서 판매를 한 가해자도 있습니다 모른다고 하시는데요 확실히 개인정보 유출로 인한 피해자가 맞다면 피해자의 입증을 받으셔야 합니다 무슨 말씀인지 이해가 되십니까 계시는 곳에서 메모 가능하십니까 지금 메모장 발표 준비하시고요 사건이라는 것이 사건 번호가 다 있는 겁니다 사건 번호가 있는데 제가 불러 드리면 메모를 하시겠습니다 준비되셨으면 준비되셨으면 얘기해 주세요네 말씀하세요 2017 형제 51-6 상품명은 김인수 불법 도박 사건은 메모 하신 겁니까 현장에서 발견된 농협이나 하나는 대포통장에 대해서는 본인이 이상한 상관없이 종교를 처리했습니다 고객님께서도 동의하시는 겁니까 농협을 하나은행은 직접 현재 거래가 있으신 겁니까 나왔습니까 농협을 제외하고는 또 기타 어떤 금융권에서 거래가 있으신 겁니까이 부분에 대해서 금융감독 서류로 남겨 드리는 부분입니다 손목은 말씀해 주시겠어요 전주지방검찰청 금융 범죄 수사과 그리고 서영일 수사관입니다 메모하세요 제가 그러면 전화 좀 이따 다시 드려도 괜찮을까요네 5분 뒤에 다시 전화 드리겠습니다 지금 안 가신다는 거예요 예 경찰서에 다시 전화드릴게요 아니 사건은 저희 검찰청에서 담당을 하고 있는데 경찰서에 전화를 해서 뭘 어떻게 한다는 겁니까 검찰청에 전화 드릴게요 제가 지금 전화를 저희 지금 전주 지금 전화를 드렸는데 뭘 또 전화를 한다는 겁니까 지금 전화번호로 전화 드릴게요 제가 한번 여쭤볼게요 핸드폰이 아니고요 전화번호에 대해서 노출을 진행이 되고 있습니다 검찰청 방법 좀 알려 주세요 오늘 진행하려면 요번 주 금요일에 김해시 1차 공판 위원장입니다 1차 공부할 때도 피해자를 입증을 했다는 증거 자료가 없어서 유리하게 활용이 되기 때문에 전망 과정에 대해서 노출을 진행을 하는 겁니다 전화 드릴게요 단 한 번도 개인 정보에 대해서 여쭤보려고 한 번도 없습니다 그렇죠 그리고 순서를 진행하면서도 여쭤보지 않을 거고요 잠시 후에 또 이번 사건 다음날 검사님께 앞으로 사건 공문을 발송해 드리겠습니다 발송해 드리고 피해자에 입주를 하는 것도 저희가 어떻게 하라 하는 것이 아니고 본인께서 네이버나 다운 창에 들어가서 저희 검찰청 홈페이지로부터 직접 등록을 하는 겁니다 하나도 없습니다 생각하는 그런 이상하게 하나도 없는 겁니다 그것도 이상은 전화도 아니고요 단지 계좌에 대해서 여쭤보는 이유는 금융감독원 서류로 제출하는 부분인데 금융감독 만약에 본인이 지금 명의가
Audio_88.wav,음성 파일을 변환할 수 없습니다.
Audio_89.wav,김인수 사람 말고 전혀 모르세요 고등학교에서 근무를 하실 때 김인수 이름 들어보신 적이 없습니까
Audio_9.wav,음성 파일을 변환할 수 없습니다.
Audio_90.wav,음성 파일을 변환할 수 없습니다.
Audio_91.wav,본인 명의 도용 사건 관련해 가지고 몇 가지 확인차 연락을 드렸어요 본인 맞아요 간단하게 몇 가지만 여쭤봐도 될까요 본인께서 김희철이 말고 계신가요 김희철이 아니야 전혀 모르시는 분인가요 그이 사람이 38세 남성이 있고 전쟁 농협 직원이었던 적이나 그런 거 없어요 일단 알겠습니다 예 예 뭐라고요 이경호 계장은 계장님
Audio_92.wav,통장 메뉴 좀 확실히 계좌가 맞고요 그리고 통장 발급일은 2017년 3월 14일입니다 작년 3월 14일 화요일인데 평일 날은 못 살고 계시죠 혹시 기억하세요 알아볼게요 아니 왜 30절에 본인 무엇을 못 하고 계시는 거죠 서류 건지는게 있거나 김해 실장도 공무원 신청할 수 있으신 거세요 협조를 안 하시는 거세요 경찰서에서 전화 왔으면 경찰서 번호로 하겠죠 핸드폰으로 이렇게 안 하세요 경찰서가 아니고요 저희는 서울중앙지방검찰청 휴대폰이 아닙니다 초등학교 전화해 볼게요
Audio_93.wav,네 여보세요 예 안녕하십니까 저는 서울중앙지검에 첨단범죄수사 1부에 최태호 수사관이 어 본인 앞으로 명의 동영상 건 관련해서 몇 가지 확인차 연락드렸습니다 지금 본인 앞으로 명의 도용 사건 관련해서 몇 가지 확인 조사자 연락드린 겁니다 한 가지 질문 좀 드리겠습니다 전라도 광주 출신이구요 은행 다니던 사람인데 42세 박성재 혹시 주위에 아시는 분인가요 아니요 전혀 모르시고 여쭤보는 이유는 박성재 얼마 전에 저희 출산까지 금융사 기념일을 검거를 하게 됐고요 현장에서 복제된 가짜 신분증 신용카드 대포통장 등이 대량으로 발견이 됐습니다이 중에 하나은행 우리은행 통장 두 개 같이 포함이 되어 있어서 저희가 확인을 해 봤는데요 작년 8월 달에 경기도 광명시에서 하나은행 우리은행 통장 발급 받은 적 있으신가요 본인께서 발급 받은게 아니고 본인 교수는 발급 받은 적 없으시고 아니시면 작년 8월 이전에 신분증 이라든지지가 뭐 개인정보 유출될 만한 물건 부실한 적 있으신가요 무시한 적 없으신가요 핸드폰에 신분증 사진을 찍어서 저장을 하셨다 지금 기존에 피해자가 지금 현재 많이 나와 있는 상태인데요 그 기존 피해자들 사례를 봤더니 핸드폰에 사진을 저장해 놨다가 공공장소에서 와이파이 같은데 접속을 했다가 노출이 돼서 해킹을 당해서 유출이 되는 경우가 좀 많이 발견이 됐고요 혹시나 해서 저희가 해당 금융감독원과 제조를 해 봤지만 확실히 통장 두 개를 확인이 되고 있습니다 이번 사건에 연루된 사람들 중에 직접 돈을 받고 통장에 양도 판매를 하시는 분들 생각보다 많으시더라고요 그래서 질문을 드리게 됐고요 현재 메뉴 도형을 잘 안 하신 분들도 지금 현재까진 150명 가량 나오셨고요 오늘 저희 검찰에서 연락을 드린 이유는 두 통장을 양도 판매량 가해자인지 본인께서 명의도용을 당한 피해자인지이 부분을 확인하기 위해서요 본인 같은 경우는 저희가 조회를 해 봤지만 법률 증가도 전혀 없으시고 신문도 확실하구요 혐의점이 크게 없으시기 때문에 유선상 연락을 드린 겁니다 현재 본인께서 진출하신 내용을 보면 피해자라고 말씀을 하시는 건데요 그렇다고 하시더라도 일단 범죄 현장에서 본인 명의 통장이 발견이 됐기 때문에 본인께서 양도한게 아니라는 걸 맞추기 위해서는 간단한 피해자 액정 조사를 거치셔야 되시고요 조사과정을 전반적으로 녹취 상태로 진행을 할 수가 있고 차가 나오셔도 대금 조사 진행 가능하시고요 어떻게 지내십니까 진행을 좀 도와 드리겠습니다 본인을 대신해서 법원에 제출될 자료이기 때문에 주의 자금이나 제 3자의 목소리를 섞이게 되시면 증거 자료도 채택이 어려우셨던 점 미리 말씀드리겠습니다 사무실이고 사무실이나 그 주위에 누군가 말을 걸 수가 있기 때문에 내가 독립적인 공간이라 이런 부분이 없을까요 혼자 계시면 일단 진행해 드리도록 하겠습니다 고객님께서 제가 묻는 질문에 아시는 내용은 있으면 아신다 모르시면 모르신다 간단하게 제출해 주시면 되겠고요 실수를 많이 하시는 부분이 있어서 당부 말씀 좀 드리겠습니다 공공기관에서는 개인 정보에 대해서 요구하지 않습니다 계좌번호 비밀번호 요런 부분 절대 말씀하시면 안 되시고요 본인 맞으신가요 조 사장님께서 전라도 광주 출신 42세 남성 박성재 씨를 알고 계신가요
Audio_94.wav,음성 파일을 변환할 수 없습니다.
Audio_95.wav,음성 파일을 인식할 수 없습니다.
Audio_96.wav,김용식 용용 모르세요 현재 검찰에서 그 김용식 주범으로 인한 금융범죄 사기라는 공간 상태인데 현장에서 대량의 신용카드와 대포통장을 압도하는 과정에서 지금 본인 명의로 된 하나은행 본점 발견되어서 연락드린 거고요 2016년 1월 27일 경기도 광명시 철산동 지점을 통해서이 통장 개설 사건이 확인되었는데 이거 본인이 개설하신 거 아니세요 광명시 쪽 가셔서 금융권 업무 보신 거 아니세요 아 본인께서 지금 명의로 나는 피해자다 뭐 이렇게 말씀하신 거 같은데 제가 연락드린 요점은 그 혹시 금전적인 대가를 받고 그 김용식 통장을 판매한 가해자인지 아니면 개인정보 유출로 인한 명의도용을 당하신 피의자의 신지 연락을 드린 거고요 알고 계시는게 없다 뭐이 말씀이신가 그럼 본인이 아시는지 모르시는지 조사를 해 봐야 하는 거죠 그거는 종류에 대해서 말씀 좀 드리면 그 중고나라 사이트 아시죠 네이버 카페 중고나라 사이트를 통해서 그 김용식 갈등들이 고가의 명품 물건을 저가에 판매한다는 명목하에 명의로 된 그 통장에 사용해서 입금을 유도한 뒤에 자금만 인출하고 상태구요 간단하게 될까요 서울시 서초구 오시면 됩니다 때문에 저희 쪽에서 진행하는 거고 그래서 내가 1차적으로 약식 조작자 유선상으로 본인에게 연락드린 거예요 본인 말고 또 180명이 넘게 연루된 사건이다 보니까 많기 때문에 그래서 일방적으로 오라고 말씀드릴 수 없기 때문에 약식조사 실시하는 거고요 문자로 관련 내용 간단하게 요약해서 보내 주세요 본인 자택으로 서면 보내 드릴게요 문자 말고 그거 확인하시고이 안 가는 부분이 있으시면 다시 연락 주시면 됩니다
Audio_97.wav,내 사랑을 되었습니다네 먼저 사과를 통해서 부여받은 사건 문화 본인 성함 육성으로 말씀하세요네 번성하며 받지 못하시면 지금 본인 같은 경우에는 교직 공무원이네네 비교를 일단 저희가 간단하게 말씀을 좀 드릴 텐데 같은 경우에는 현재는 직장이 있는 여성분으로 저희가 파악이 되기 때문에 수요가 많다고 판단되지 않아서 1차적으로 양식 조사를 진행을 합니다 혹여나 씨가 뭐 그럴 일은 없겠지만이 사안에 대해서 내가 거부를 하겠다 하시면 허브 하셔도 돼요 그럼 저희가 원칙대로 구속 조사를 보이는 앞으로 진행을 할 겁니다 아무래도 구속 조사가 진행이 될 거면 구성 영장이 청구가 돼야 되겠죠네 그러다 보니까 어쩔 수 없이 저희가 구속영장을 청구를 하게 되면 앞으로 몇 월 며칟날 어떤 사안 때문에 구속영장이 청구가 됐는지 본인 신상 명부에 남게 되어 있습니다 아무래도 지금 교직 공무원이기 때문에 공부를 하시든 아니면 문제집 앞면에 보시면 안에서는 시험 자격을 박탈한다 이재용 아시죠 피해자 입장을 막기 위해서는 물론 저희 공문 내용 홈페이지를 통해서 공문 내용을 확인을 하시고 주의 사항이라 절차 건에 대해서 보니 육안으로 먼저 확인을 하셔야 될 겁니다 이번 사건을 금융권 직원 연료가 되어 있는 사기 사건이기 때문에 말씀드렸다시피 이번 사건은 금융권 직원이 속해 있는 거고 아직 근본이라는 일정들이 금융권에 종사하고 있다는 가정을 이루어지는 스타일이기 때문에 통화가 불가능한 상황인데 사고에서 녹취가 진행 중인데 통화가 끊어지면 안 되겠죠 교육관에 들어가시면 가방 속에 핸드폰을 넣어 주시고 업무를 보시면 되는데 뭐 특이사항이 발생될 경우에는 금액과 밖으로 나오셔서 50m 떨어진 곳에서 저한테 말씀하시면 됩니다 그리고 특이사항이 어떤 경우에는 업무를 보실 때 예를 들어서 뭐 자꾸 계속해서 지속적으로 자리를 뜬다 아니면은 본인 옆 사람과 그 직원이 없다던가 자꾸 본인이 돼서 동조를 한다거나 아니면 본인 서류를 가지고 자꾸 이야기를 한다거나 요즘 이것도 특이 사항입니다 그리고 업무를 보실 때 직원이 휴대폰을 보여 달라고 하고 나면은 자연스럽게 전화를 끊으신 뒤에 저한테 보여 주시면 되는 거고 그러니까 10분에서 15분 사이에 전화를 연락을 취해 드릴 겁니다 전화 온 거 틀리지 마시고 본인이 통화 버튼만 누르시면 가방 속에 넣어 주시는 겁니다 금융감독원 최소 가치는 발부가 되지 않아요 아직까지 기대하게 된 상태입니다 여의도 근처에서 우선은 좀 제기도 하셔야 될 것 같은데 택시 타시면 택시 분 기사분에게 여깁니다 이런 식으로가 달라고 말씀하세요
Audio_98.wav,뭐 다른 궁금하신 사항이 있으나 뭐 없으신가요 경찰서가 아닙니다 서울중앙지검에 경찰서가 아니고요 서울중앙지검 범죄수사 1팀 이제 이쪽에서 이제 수상 하나로부터 연락을 받으신 거고 저는 이제 내 선물로 통해서 저한테까지 온 거고요 저는 진행을 도와드리기 위해서 드린 거지 솔직히 시켜서 뭐 이렇게 지금 많이 불편하신 사항이 있으신데 저희 또 그렇습니다 저희가 뭐이 업무 지금 워낙 저희 대표 번호로 사칭하는 분들이 많을 뿐더러 저희 미종결 수사관에 막 이렇게 연락을 드리고 있어요 개인 폰 및 녹취 폰으로 연락을 드리고 있습니다네네 잠시만
Audio_99.wav,잠시 자리 이동하셔서 통화는 가능하세요 일단 이제 본인께서 피해자인지 가해자인지 사건 조사를 하기 위해서 간단하게 몇 가지 질문을 드릴 건데 질문에 전반 조사 과정은 녹취 상태로 진행되기 때문에 91년 7월 21일 맞습니까 42세 남성 김명식 전혀 모르시는 거고요 만난 적이나 들어보신 적도 전혀 없으시고 지난 2016년 11월 23일입니다 광명시 철산 지점으로부터 국민은행 통장과 농협은행 통장을 개설한 사실이 있습니까 일단은 불법 현장에서 압수되어 있기 때문에 실제로 개설을 하셨는지 아니면 도용을 당하셨던지 이미 동결처리 시켰구요 그 안에 들어 있던 불법 자금 같은 경우에는 국보로 환수 처리가 되었어요 2천만 원 주시고요네 저희가 이제 김명수전자올겐
